{
    "$schema": "https://schema.management.azure.com/schemas/2015-01-01/deploymentParameters.json#",
    "contentVersion": "1.0.0.0",
    "parameters": {
        "virtualMachines_maquina1_name": {
            "value": null
        },
        "virtualMachines_maquina2_name": {
            "value": null
        },
        "virtualNetworks_javier_vnet_name": {
            "value": null
        },
        "networkInterfaces_maquina136_name": {
            "value": null
        },
        "networkInterfaces_maquina2921_name": {
            "value": null
        },
        "publicIPAddresses_maquina1_ip_name": {
            "value": null
        },
        "publicIPAddresses_maquina2_ip_name": {
            "value": null
        },
        "networkSecurityGroups_maquina1_nsg_name": {
            "value": null
        },
        "networkSecurityGroups_maquina2_nsg_name": {
            "value": null
        },
        "subnets_default_name": {
            "value": null
        },
        "securityRules_SSH_name": {
            "value": null
        },
        "securityRules_SSH_name_1": {
            "value": null
        },
        "virtualMachines_maquina1_id": {
            "value": null
        },
        "virtualMachines_maquina2_id": {
            "value": null
        }
    }
}