{
    "$schema": "https://schema.management.azure.com/schemas/2015-01-01/deploymentParameters.json#",
    "contentVersion": "1.0.0.0",
    "parameters": {
        "location": {
            "value": "northeurope"
        },
        "networkInterfaceName": {
            "value": "ccgc02temlinux813"
        },
        "networkSecurityGroupName": {
            "value": "ccgc02TemLinux-nsg"
        },
        "networkSecurityGroupRules": {
            "value": [
                {
                    "name": "SSH",
                    "properties": {
                        "priority": 300,
                        "protocol": "TCP",
                        "access": "Allow",
                        "direction": "Inbound",
                        "sourceAddressPrefix": "*",
                        "sourcePortRange": "*",
                        "destinationAddressPrefix": "*",
                        "destinationPortRange": "22"
                    }
                }
            ]
        },
        "virtualNetworkName": {
            "value": "ccgc02TEMPLATE-vnet"
        },
        "addressPrefix": {
            "value": "10.0.1.0/24"
        },
        "subnetName": {
            "value": "default"
        },
        "subnetPrefix": {
            "value": "10.0.1.0/24"
        },
        "publicIpAddressName": {
            "value": "ccgc02TemLinux-ip"
        },
        "publicIpAddressType": {
            "value": "Dynamic"
        },
        "publicIpAddressSku": {
            "value": "Basic"
        },
        "virtualMachineName": {
            "value": "ccgc02TemLinux"
        },
        "virtualMachineRG": {
            "value": "ccgc02TEMPLATE"
        },
        "osDiskType": {
            "value": "Standard_LRS"
        },
        "virtualMachineSize": {
            "value": "Basic_A0"
        },
        "adminUsername": {
            "value": "ccgc02"
        },
        "adminPassword": {
            "value": null
        }
    }
}