{
    "$schema": "https://schema.management.azure.com/schemas/2015-01-01/deploymentParameters.json#",
    "contentVersion": "1.0.0.0",
    "parameters": {
        "virtualNetworks_javier_vnet_name": {
            "value": null
        },
        "virtualMachines_mvjavierwebubuntu_name": {
            "value": null
        },
        "networkInterfaces_mvjavierwebubuntu650_name": {
            "value": null
        },
        "publicIPAddresses_mvjavierwebubuntu_ip_name": {
            "value": null
        },
        "networkSecurityGroups_mvjavierwebubuntu_nsg_name": {
            "value": null
        },
        "subnets_default_name": {
            "value": null
        },
        "securityRules_SSH_name": {
            "value": null
        },
        "securityRules_HTTP_name": {
            "value": null
        },
        "virtualMachines_mvjavierwebubuntu_id": {
            "value": null
        }
    }
}