{
    "$schema": "https://schema.management.azure.com/schemas/2015-01-01/deploymentTemplate.json#",
    "contentVersion": "1.0.0.0",
    "parameters": {
        "virtualNetworks_javier_vnet_name": {
            "defaultValue": "javier-vnet",
            "type": "String"
        },
        "virtualMachines_mvjavierwebubuntu_name": {
            "defaultValue": "mvjavierwebubuntu",
            "type": "String"
        },
        "networkInterfaces_mvjavierwebubuntu650_name": {
            "defaultValue": "mvjavierwebubuntu650",
            "type": "String"
        },
        "publicIPAddresses_mvjavierwebubuntu_ip_name": {
            "defaultValue": "mvjavierwebubuntu-ip",
            "type": "String"
        },
        "networkSecurityGroups_mvjavierwebubuntu_nsg_name": {
            "defaultValue": "mvjavierwebubuntu-nsg",
            "type": "String"
        },
        "subnets_default_name": {
            "defaultValue": "default",
            "type": "String"
        },
        "securityRules_SSH_name": {
            "defaultValue": "SSH",
            "type": "String"
        },
        "securityRules_HTTP_name": {
            "defaultValue": "HTTP",
            "type": "String"
        },
        "virtualMachines_mvjavierwebubuntu_id": {
            "defaultValue": "/subscriptions/0f1afb25-a35d-4cb9-919d-851908fc6f26/resourceGroups/javier/providers/Microsoft.Compute/disks/mvjavierwebubuntu_OsDisk_1_a344d6e1e3ff4e54ad45acbc096c52f8",
            "type": "String"
        }
    },
    "variables": {},
    "resources": [
        {
            "comments": "Generalized from resource: '/subscriptions/0f1afb25-a35d-4cb9-919d-851908fc6f26/resourceGroups/javier/providers/Microsoft.Compute/virtualMachines/mvjavierwebubuntu'.",
            "type": "Microsoft.Compute/virtualMachines",
            "name": "[parameters('virtualMachines_mvjavierwebubuntu_name')]",
            "apiVersion": "2017-12-01",
            "location": "northeurope",
            "tags": {},
            "scale": null,
            "properties": {
                "hardwareProfile": {
                    "vmSize": "Basic_A0"
                },
                "storageProfile": {
                    "imageReference": {
                        "publisher": "Canonical",
                        "offer": "UbuntuServer",
                        "sku": "16.04-LTS",
                        "version": "latest"
                    },
                    "osDisk": {
                        "osType": "Linux",
                        "name": "[concat(parameters('virtualMachines_mvjavierwebubuntu_name'),'_OsDisk_1_a344d6e1e3ff4e54ad45acbc096c52f8')]",
                        "createOption": "FromImage",
                        "caching": "ReadWrite",
                        "managedDisk": {
                            "storageAccountType": "Standard_LRS",
                            "id": "[parameters('virtualMachines_mvjavierwebubuntu_id')]"
                        },
                        "diskSizeGB": 30
                    },
                    "dataDisks": []
                },
                "osProfile": {
                    "computerName": "[parameters('virtualMachines_mvjavierwebubuntu_name')]",
                    "adminUsername": "ccgc02",
                    "linuxConfiguration": {
                        "disablePasswordAuthentication": true,
                        "ssh": {
                            "publicKeys": [
                                {
                                    "path": "/home/ccgc02/.ssh/authorized_keys",
                                    "keyData": "---- BEGIN SSH2 PUBLIC KEY ----\nComment: \"2048-bit RSA, converted from OpenSSH by ccgc@javier.ccgc.mastercpd.upv.es\"\nAAAAB3NzaC1yc2EAAAABIwAAAQEAwE1Frt0M8oE2AmXUovlQcDw5nK1J9Cgx5I0g/oPFvd\n5y+S5/ZTJq7mHzrUc5ihp6WnbtJDyyDZ1Jy7/pqAzO0h9DtmRkBmF28PWu0Oss65KMnGjV\ntfTzIUjLHhz6B6NsDhXlPQCzOiRZTVlAJ7x4qOuDznwpxN0RlDZ7ulG9XLooDcvc57QOrc\nDbu4QFDXUieyTrUyM4ZF+OxLnXdJ72+zYNqw+cJ0X3UVUtJ6tqD3nZRef6RfoVX/X15V0/\ndnR/VlIg3/H8loMqzSUCcuHfpNRGOVGrAwnJD20fQAgIudjge9cXjGMGEjVkMHfF0/95ck\nZ8Aj2KedFAnqvOQRdnLQ==\n---- END SSH2 PUBLIC KEY ----"
                                }
                            ]
                        }
                    },
                    "secrets": []
                },
                "networkProfile": {
                    "networkInterfaces": [
                        {
                            "id": "[resourceId('Microsoft.Network/networkInterfaces', parameters('networkInterfaces_mvjavierwebubuntu650_name'))]"
                        }
                    ]
                }
            },
            "dependsOn": [
                "[resourceId('Microsoft.Network/networkInterfaces', parameters('networkInterfaces_mvjavierwebubuntu650_name'))]"
            ]
        },
        {
            "comments": "Generalized from resource: '/subscriptions/0f1afb25-a35d-4cb9-919d-851908fc6f26/resourceGroups/javier/providers/Microsoft.Network/networkInterfaces/mvjavierwebubuntu650'.",
            "type": "Microsoft.Network/networkInterfaces",
            "name": "[parameters('networkInterfaces_mvjavierwebubuntu650_name')]",
            "apiVersion": "2018-02-01",
            "location": "northeurope",
            "tags": {},
            "scale": null,
            "properties": {
                "provisioningState": "Succeeded",
                "resourceGuid": "ba1046c3-bf5e-4adc-8730-900f8c395a73",
                "ipConfigurations": [
                    {
                        "name": "ipconfig1",
                        "etag": "W/\"ee5d81c4-85d6-460c-becf-b28da2e0945a\"",
                        "properties": {
                            "provisioningState": "Succeeded",
                            "privateIPAddress": "10.0.4.4",
                            "privateIPAllocationMethod": "Dynamic",
                            "publicIPAddress": {
                                "id": "[resourceId('Microsoft.Network/publicIPAddresses', parameters('publicIPAddresses_mvjavierwebubuntu_ip_name'))]"
                            },
                            "subnet": {
                                "id": "[resourceId('Microsoft.Network/virtualNetworks/subnets', parameters('virtualNetworks_javier_vnet_name'), parameters('subnets_default_name'))]"
                            },
                            "primary": true,
                            "privateIPAddressVersion": "IPv4"
                        }
                    }
                ],
                "dnsSettings": {
                    "dnsServers": [],
                    "appliedDnsServers": [],
                    "internalDomainNameSuffix": "gkesg2nz2jyejcrguwytk4gd1c.fx.internal.cloudapp.net"
                },
                "macAddress": "00-0D-3A-B3-2B-D0",
                "enableAcceleratedNetworking": false,
                "enableIPForwarding": false,
                "networkSecurityGroup": {
                    "id": "[resourceId('Microsoft.Network/networkSecurityGroups', parameters('networkSecurityGroups_mvjavierwebubuntu_nsg_name'))]"
                },
                "primary": true
            },
            "dependsOn": [
                "[resourceId('Microsoft.Network/publicIPAddresses', parameters('publicIPAddresses_mvjavierwebubuntu_ip_name'))]",
                "[resourceId('Microsoft.Network/virtualNetworks/subnets', parameters('virtualNetworks_javier_vnet_name'), parameters('subnets_default_name'))]",
                "[resourceId('Microsoft.Network/networkSecurityGroups', parameters('networkSecurityGroups_mvjavierwebubuntu_nsg_name'))]"
            ]
        },
        {
            "comments": "Generalized from resource: '/subscriptions/0f1afb25-a35d-4cb9-919d-851908fc6f26/resourceGroups/javier/providers/Microsoft.Network/networkSecurityGroups/mvjavierwebubuntu-nsg'.",
            "type": "Microsoft.Network/networkSecurityGroups",
            "name": "[parameters('networkSecurityGroups_mvjavierwebubuntu_nsg_name')]",
            "apiVersion": "2018-02-01",
            "location": "northeurope",
            "tags": {},
            "scale": null,
            "properties": {
                "provisioningState": "Succeeded",
                "resourceGuid": "f54d3ddd-38b6-4127-b4a4-dac1909b99ca",
                "securityRules": [
                    {
                        "name": "SSH",
                        "etag": "W/\"e0e487fa-9c9e-4826-bac7-dc7c315bc810\"",
                        "properties": {
                            "provisioningState": "Succeeded",
                            "protocol": "TCP",
                            "sourcePortRange": "*",
                            "destinationPortRange": "22",
                            "sourceAddressPrefix": "*",
                            "destinationAddressPrefix": "*",
                            "access": "Allow",
                            "priority": 300,
                            "direction": "Inbound",
                            "sourcePortRanges": [],
                            "destinationPortRanges": [],
                            "sourceAddressPrefixes": [],
                            "destinationAddressPrefixes": []
                        }
                    },
                    {
                        "name": "HTTP",
                        "etag": "W/\"e0e487fa-9c9e-4826-bac7-dc7c315bc810\"",
                        "properties": {
                            "provisioningState": "Succeeded",
                            "protocol": "TCP",
                            "sourcePortRange": "*",
                            "destinationPortRange": "80",
                            "sourceAddressPrefix": "*",
                            "destinationAddressPrefix": "*",
                            "access": "Allow",
                            "priority": 320,
                            "direction": "Inbound",
                            "sourcePortRanges": [],
                            "destinationPortRanges": [],
                            "sourceAddressPrefixes": [],
                            "destinationAddressPrefixes": []
                        }
                    }
                ],
                "defaultSecurityRules": [
                    {
                        "name": "AllowVnetInBound",
                        "etag": "W/\"e0e487fa-9c9e-4826-bac7-dc7c315bc810\"",
                        "properties": {
                            "provisioningState": "Succeeded",
                            "description": "Allow inbound traffic from all VMs in VNET",
                            "protocol": "*",
                            "sourcePortRange": "*",
                            "destinationPortRange": "*",
                            "sourceAddressPrefix": "VirtualNetwork",
                            "destinationAddressPrefix": "VirtualNetwork",
                            "access": "Allow",
                            "priority": 65000,
                            "direction": "Inbound",
                            "sourcePortRanges": [],
                            "destinationPortRanges": [],
                            "sourceAddressPrefixes": [],
                            "destinationAddressPrefixes": []
                        }
                    },
                    {
                        "name": "AllowAzureLoadBalancerInBound",
                        "etag": "W/\"e0e487fa-9c9e-4826-bac7-dc7c315bc810\"",
                        "properties": {
                            "provisioningState": "Succeeded",
                            "description": "Allow inbound traffic from azure load balancer",
                            "protocol": "*",
                            "sourcePortRange": "*",
                            "destinationPortRange": "*",
                            "sourceAddressPrefix": "AzureLoadBalancer",
                            "destinationAddressPrefix": "*",
                            "access": "Allow",
                            "priority": 65001,
                            "direction": "Inbound",
                            "sourcePortRanges": [],
                            "destinationPortRanges": [],
                            "sourceAddressPrefixes": [],
                            "destinationAddressPrefixes": []
                        }
                    },
                    {
                        "name": "DenyAllInBound",
                        "etag": "W/\"e0e487fa-9c9e-4826-bac7-dc7c315bc810\"",
                        "properties": {
                            "provisioningState": "Succeeded",
                            "description": "Deny all inbound traffic",
                            "protocol": "*",
                            "sourcePortRange": "*",
                            "destinationPortRange": "*",
                            "sourceAddressPrefix": "*",
                            "destinationAddressPrefix": "*",
                            "access": "Deny",
                            "priority": 65500,
                            "direction": "Inbound",
                            "sourcePortRanges": [],
                            "destinationPortRanges": [],
                            "sourceAddressPrefixes": [],
                            "destinationAddressPrefixes": []
                        }
                    },
                    {
                        "name": "AllowVnetOutBound",
                        "etag": "W/\"e0e487fa-9c9e-4826-bac7-dc7c315bc810\"",
                        "properties": {
                            "provisioningState": "Succeeded",
                            "description": "Allow outbound traffic from all VMs to all VMs in VNET",
                            "protocol": "*",
                            "sourcePortRange": "*",
                            "destinationPortRange": "*",
                            "sourceAddressPrefix": "VirtualNetwork",
                            "destinationAddressPrefix": "VirtualNetwork",
                            "access": "Allow",
                            "priority": 65000,
                            "direction": "Outbound",
                            "sourcePortRanges": [],
                            "destinationPortRanges": [],
                            "sourceAddressPrefixes": [],
                            "destinationAddressPrefixes": []
                        }
                    },
                    {
                        "name": "AllowInternetOutBound",
                        "etag": "W/\"e0e487fa-9c9e-4826-bac7-dc7c315bc810\"",
                        "properties": {
                            "provisioningState": "Succeeded",
                            "description": "Allow outbound traffic from all VMs to Internet",
                            "protocol": "*",
                            "sourcePortRange": "*",
                            "destinationPortRange": "*",
                            "sourceAddressPrefix": "*",
                            "destinationAddressPrefix": "Internet",
                            "access": "Allow",
                            "priority": 65001,
                            "direction": "Outbound",
                            "sourcePortRanges": [],
                            "destinationPortRanges": [],
                            "sourceAddressPrefixes": [],
                            "destinationAddressPrefixes": []
                        }
                    },
                    {
                        "name": "DenyAllOutBound",
                        "etag": "W/\"e0e487fa-9c9e-4826-bac7-dc7c315bc810\"",
                        "properties": {
                            "provisioningState": "Succeeded",
                            "description": "Deny all outbound traffic",
                            "protocol": "*",
                            "sourcePortRange": "*",
                            "destinationPortRange": "*",
                            "sourceAddressPrefix": "*",
                            "destinationAddressPrefix": "*",
                            "access": "Deny",
                            "priority": 65500,
                            "direction": "Outbound",
                            "sourcePortRanges": [],
                            "destinationPortRanges": [],
                            "sourceAddressPrefixes": [],
                            "destinationAddressPrefixes": []
                        }
                    }
                ]
            },
            "dependsOn": []
        },
        {
            "comments": "Generalized from resource: '/subscriptions/0f1afb25-a35d-4cb9-919d-851908fc6f26/resourceGroups/javier/providers/Microsoft.Network/publicIPAddresses/mvjavierwebubuntu-ip'.",
            "type": "Microsoft.Network/publicIPAddresses",
            "sku": {
                "name": "Basic",
                "tier": "Regional"
            },
            "name": "[parameters('publicIPAddresses_mvjavierwebubuntu_ip_name')]",
            "apiVersion": "2018-02-01",
            "location": "northeurope",
            "tags": {},
            "scale": null,
            "properties": {
                "provisioningState": "Succeeded",
                "resourceGuid": "b512cedc-2fac-4db7-92aa-cc76bdc1b8a5",
                "ipAddress": "168.63.52.134",
                "publicIPAddressVersion": "IPv4",
                "publicIPAllocationMethod": "Dynamic",
                "idleTimeoutInMinutes": 4,
                "dnsSettings": {
                    "domainNameLabel": "ccgc02",
                    "fqdn": "ccgc02.northeurope.cloudapp.azure.com"
                },
                "ipTags": []
            },
            "dependsOn": []
        },
        {
            "comments": "Generalized from resource: '/subscriptions/0f1afb25-a35d-4cb9-919d-851908fc6f26/resourceGroups/javier/providers/Microsoft.Network/virtualNetworks/javier-vnet'.",
            "type": "Microsoft.Network/virtualNetworks",
            "name": "[parameters('virtualNetworks_javier_vnet_name')]",
            "apiVersion": "2018-02-01",
            "location": "northeurope",
            "tags": {},
            "scale": null,
            "properties": {
                "provisioningState": "Succeeded",
                "resourceGuid": "71238932-e2b9-4470-8a26-a5b13578c3da",
                "addressSpace": {
                    "addressPrefixes": [
                        "10.0.4.0/24"
                    ]
                },
                "subnets": [
                    {
                        "name": "default",
                        "etag": "W/\"faf4a371-c70b-40aa-8ade-7f50a2dcf174\"",
                        "properties": {
                            "provisioningState": "Succeeded",
                            "addressPrefix": "10.0.4.0/24"
                        }
                    }
                ],
                "virtualNetworkPeerings": [],
                "enableDdosProtection": false,
                "enableVmProtection": false
            },
            "dependsOn": []
        },
        {
            "comments": "Generalized from resource: '/subscriptions/0f1afb25-a35d-4cb9-919d-851908fc6f26/resourceGroups/javier/providers/Microsoft.Network/networkSecurityGroups/mvjavierwebubuntu-nsg/securityRules/SSH'.",
            "type": "Microsoft.Network/networkSecurityGroups/securityRules",
            "name": "[concat(parameters('networkSecurityGroups_mvjavierwebubuntu_nsg_name'), '/', parameters('securityRules_SSH_name'))]",
            "apiVersion": "2018-02-01",
            "scale": null,
            "properties": {
                "provisioningState": "Succeeded",
                "protocol": "TCP",
                "sourcePortRange": "*",
                "destinationPortRange": "22",
                "sourceAddressPrefix": "*",
                "destinationAddressPrefix": "*",
                "access": "Allow",
                "priority": 300,
                "direction": "Inbound",
                "sourcePortRanges": [],
                "destinationPortRanges": [],
                "sourceAddressPrefixes": [],
                "destinationAddressPrefixes": []
            },
            "dependsOn": [
                "[resourceId('Microsoft.Network/networkSecurityGroups', parameters('networkSecurityGroups_mvjavierwebubuntu_nsg_name'))]"
            ]
        },
        {
            "comments": "Generalized from resource: '/subscriptions/0f1afb25-a35d-4cb9-919d-851908fc6f26/resourceGroups/javier/providers/Microsoft.Network/networkSecurityGroups/mvjavierwebubuntu-nsg/securityRules/HTTP'.",
            "type": "Microsoft.Network/networkSecurityGroups/securityRules",
            "name": "[concat(parameters('networkSecurityGroups_mvjavierwebubuntu_nsg_name'), '/', parameters('securityRules_HTTP_name'))]",
            "apiVersion": "2018-02-01",
            "scale": null,
            "properties": {
                "provisioningState": "Succeeded",
                "protocol": "TCP",
                "sourcePortRange": "*",
                "destinationPortRange": "80",
                "sourceAddressPrefix": "*",
                "destinationAddressPrefix": "*",
                "access": "Allow",
                "priority": 320,
                "direction": "Inbound",
                "sourcePortRanges": [],
                "destinationPortRanges": [],
                "sourceAddressPrefixes": [],
                "destinationAddressPrefixes": []
            },
            "dependsOn": [
                "[resourceId('Microsoft.Network/networkSecurityGroups', parameters('networkSecurityGroups_mvjavierwebubuntu_nsg_name'))]"
            ]
        },
        {
            "comments": "Generalized from resource: '/subscriptions/0f1afb25-a35d-4cb9-919d-851908fc6f26/resourceGroups/javier/providers/Microsoft.Network/virtualNetworks/javier-vnet/subnets/default'.",
            "type": "Microsoft.Network/virtualNetworks/subnets",
            "name": "[concat(parameters('virtualNetworks_javier_vnet_name'), '/', parameters('subnets_default_name'))]",
            "apiVersion": "2018-02-01",
            "scale": null,
            "properties": {
                "provisioningState": "Succeeded",
                "addressPrefix": "10.0.4.0/24"
            },
            "dependsOn": [
                "[resourceId('Microsoft.Network/virtualNetworks', parameters('virtualNetworks_javier_vnet_name'))]"
            ]
        }
    ]
}