{
    "$schema": "https://schema.management.azure.com/schemas/2015-01-01/deploymentParameters.json#",
    "contentVersion": "1.0.0.0",
    "parameters": {
        "location": {
            "value": "northeurope"
        },
        "networkInterfaceName": {
            "value": "mvjavierrodriguez813"
        },
        "networkSecurityGroupName": {
            "value": "MVJavierRodriguez-nsg"
        },
        "networkSecurityGroupRules": {
            "value": []
        },
        "virtualNetworkName": {
            "value": "GRJavierRodríguez-vnet"
        },
        "addressPrefix": {
            "value": "10.0.0.0/24"
        },
        "subnetName": {
            "value": "default"
        },
        "subnetPrefix": {
            "value": "10.0.0.0/24"
        },
        "publicIpAddressName": {
            "value": "MVJavierRodriguez-ip"
        },
        "publicIpAddressType": {
            "value": "Dynamic"
        },
        "publicIpAddressSku": {
            "value": "Basic"
        },
        "virtualMachineName": {
            "value": "MVJavierRodriguez"
        },
        "virtualMachineRG": {
            "value": "GRJavierRodríguez"
        },
        "osDiskType": {
            "value": "Standard_LRS"
        },
        "virtualMachineSize": {
            "value": "Basic_A0"
        },
        "adminUsername": {
            "value": "examen"
        },
        "adminPassword": {
            "value": null
        }
    }
}