{
    "$schema": "https://schema.management.azure.com/schemas/2015-01-01/deploymentParameters.json#",
    "contentVersion": "1.0.0.0",
    "parameters": {
        "virtualMachines_ccgc02NodoMPI_name": {
            "value": null
        },
        "virtualMachines_ccgco6NodoMPI_name": {
            "value": null
        },
        "virtualNetworks_ccgc02MPI_vnet_name": {
            "value": null
        },
        "virtualMachines_ccgc02MasterMPI_name": {
            "value": null
        },
        "networkInterfaces_ccgco6nodompi50_name": {
            "value": null
        },
        "networkInterfaces_ccgc02nodompi550_name": {
            "value": null
        },
        "publicIPAddresses_ccgc02NodoMPI_ip_name": {
            "value": null
        },
        "publicIPAddresses_ccgco6NodoMPI_ip_name": {
            "value": null
        },
        "networkInterfaces_ccgc02mastermpi876_name": {
            "value": null
        },
        "publicIPAddresses_ccgc02MasterMPI_ip_name": {
            "value": null
        },
        "networkSecurityGroups_ccgc02NodoMPI_nsg_name": {
            "value": null
        },
        "networkSecurityGroups_ccgco6NodoMPI_nsg_name": {
            "value": null
        },
        "networkSecurityGroups_ccgc02MasterMPI_nsg_name": {
            "value": null
        },
        "subnets_default_name": {
            "value": null
        },
        "securityRules_SSH_name": {
            "value": null
        },
        "securityRules_SSH_name_1": {
            "value": null
        },
        "securityRules_SSH_name_2": {
            "value": null
        },
        "virtualMachines_ccgc02MasterMPI_id": {
            "value": null
        },
        "virtualMachines_ccgc02NodoMPI_id": {
            "value": null
        },
        "virtualMachines_ccgco6NodoMPI_id": {
            "value": null
        }
    }
}