{
    "$schema": "https://schema.management.azure.com/schemas/2015-01-01/deploymentTemplate.json#",
    "contentVersion": "1.0.0.0",
    "parameters": {
        "virtualMachines_ccgc02NodoMPI_name": {
            "defaultValue": "ccgc02NodoMPI",
            "type": "String"
        },
        "virtualMachines_ccgco6NodoMPI_name": {
            "defaultValue": "ccgco6NodoMPI",
            "type": "String"
        },
        "virtualNetworks_ccgc02MPI_vnet_name": {
            "defaultValue": "ccgc02MPI-vnet",
            "type": "String"
        },
        "virtualMachines_ccgc02MasterMPI_name": {
            "defaultValue": "ccgc02MasterMPI",
            "type": "String"
        },
        "networkInterfaces_ccgco6nodompi50_name": {
            "defaultValue": "ccgco6nodompi50",
            "type": "String"
        },
        "networkInterfaces_ccgc02nodompi550_name": {
            "defaultValue": "ccgc02nodompi550",
            "type": "String"
        },
        "publicIPAddresses_ccgc02NodoMPI_ip_name": {
            "defaultValue": "ccgc02NodoMPI-ip",
            "type": "String"
        },
        "publicIPAddresses_ccgco6NodoMPI_ip_name": {
            "defaultValue": "ccgco6NodoMPI-ip",
            "type": "String"
        },
        "networkInterfaces_ccgc02mastermpi876_name": {
            "defaultValue": "ccgc02mastermpi876",
            "type": "String"
        },
        "publicIPAddresses_ccgc02MasterMPI_ip_name": {
            "defaultValue": "ccgc02MasterMPI-ip",
            "type": "String"
        },
        "networkSecurityGroups_ccgc02NodoMPI_nsg_name": {
            "defaultValue": "ccgc02NodoMPI-nsg",
            "type": "String"
        },
        "networkSecurityGroups_ccgco6NodoMPI_nsg_name": {
            "defaultValue": "ccgco6NodoMPI-nsg",
            "type": "String"
        },
        "networkSecurityGroups_ccgc02MasterMPI_nsg_name": {
            "defaultValue": "ccgc02MasterMPI-nsg",
            "type": "String"
        },
        "subnets_default_name": {
            "defaultValue": "default",
            "type": "String"
        },
        "securityRules_SSH_name": {
            "defaultValue": "SSH",
            "type": "String"
        },
        "securityRules_SSH_name_1": {
            "defaultValue": "SSH",
            "type": "String"
        },
        "securityRules_SSH_name_2": {
            "defaultValue": "SSH",
            "type": "String"
        },
        "virtualMachines_ccgc02MasterMPI_id": {
            "defaultValue": "/subscriptions/0f1afb25-a35d-4cb9-919d-851908fc6f26/resourceGroups/ccgc02MPI/providers/Microsoft.Compute/disks/ccgc02MasterMPI_OsDisk_1_cf3c5c24a7e54669a334a104030be0e8",
            "type": "String"
        },
        "virtualMachines_ccgc02NodoMPI_id": {
            "defaultValue": "/subscriptions/0f1afb25-a35d-4cb9-919d-851908fc6f26/resourceGroups/ccgc02MPI/providers/Microsoft.Compute/disks/ccgc02NodoMPI_OsDisk_1_6e3a288daebc494bb520ceb96d01f477",
            "type": "String"
        },
        "virtualMachines_ccgco6NodoMPI_id": {
            "defaultValue": "/subscriptions/0f1afb25-a35d-4cb9-919d-851908fc6f26/resourceGroups/ccgc02MPI/providers/Microsoft.Compute/disks/ccgco6NodoMPI_OsDisk_1_bdb2b3459d7e4a4790c93f57b75e26d0",
            "type": "String"
        }
    },
    "variables": {},
    "resources": [
        {
            "comments": "Generalized from resource: '/subscriptions/0f1afb25-a35d-4cb9-919d-851908fc6f26/resourceGroups/ccgc02MPI/providers/Microsoft.Compute/virtualMachines/ccgc02MasterMPI'.",
            "type": "Microsoft.Compute/virtualMachines",
            "name": "[parameters('virtualMachines_ccgc02MasterMPI_name')]",
            "apiVersion": "2017-12-01",
            "location": "northeurope",
            "tags": {},
            "scale": null,
            "properties": {
                "hardwareProfile": {
                    "vmSize": "Basic_A1"
                },
                "storageProfile": {
                    "imageReference": {
                        "publisher": "Canonical",
                        "offer": "UbuntuServer",
                        "sku": "18.04-LTS",
                        "version": "latest"
                    },
                    "osDisk": {
                        "osType": "Linux",
                        "name": "[concat(parameters('virtualMachines_ccgc02MasterMPI_name'),'_OsDisk_1_cf3c5c24a7e54669a334a104030be0e8')]",
                        "createOption": "FromImage",
                        "caching": "ReadWrite",
                        "managedDisk": {
                            "storageAccountType": "Standard_LRS",
                            "id": "[parameters('virtualMachines_ccgc02MasterMPI_id')]"
                        },
                        "diskSizeGB": 30
                    },
                    "dataDisks": []
                },
                "osProfile": {
                    "computerName": "[parameters('virtualMachines_ccgc02MasterMPI_name')]",
                    "adminUsername": "ccgc02",
                    "linuxConfiguration": {
                        "disablePasswordAuthentication": false
                    },
                    "secrets": []
                },
                "networkProfile": {
                    "networkInterfaces": [
                        {
                            "id": "[resourceId('Microsoft.Network/networkInterfaces', parameters('networkInterfaces_ccgc02mastermpi876_name'))]"
                        }
                    ]
                }
            },
            "dependsOn": [
                "[resourceId('Microsoft.Network/networkInterfaces', parameters('networkInterfaces_ccgc02mastermpi876_name'))]"
            ]
        },
        {
            "comments": "Generalized from resource: '/subscriptions/0f1afb25-a35d-4cb9-919d-851908fc6f26/resourceGroups/ccgc02MPI/providers/Microsoft.Compute/virtualMachines/ccgc02NodoMPI'.",
            "type": "Microsoft.Compute/virtualMachines",
            "name": "[parameters('virtualMachines_ccgc02NodoMPI_name')]",
            "apiVersion": "2017-12-01",
            "location": "northeurope",
            "tags": {},
            "scale": null,
            "properties": {
                "hardwareProfile": {
                    "vmSize": "Basic_A1"
                },
                "storageProfile": {
                    "imageReference": {
                        "publisher": "Canonical",
                        "offer": "UbuntuServer",
                        "sku": "18.04-LTS",
                        "version": "latest"
                    },
                    "osDisk": {
                        "osType": "Linux",
                        "name": "[concat(parameters('virtualMachines_ccgc02NodoMPI_name'),'_OsDisk_1_6e3a288daebc494bb520ceb96d01f477')]",
                        "createOption": "FromImage",
                        "caching": "ReadWrite",
                        "managedDisk": {
                            "storageAccountType": "Standard_LRS",
                            "id": "[parameters('virtualMachines_ccgc02NodoMPI_id')]"
                        },
                        "diskSizeGB": 30
                    },
                    "dataDisks": []
                },
                "osProfile": {
                    "computerName": "[parameters('virtualMachines_ccgc02NodoMPI_name')]",
                    "adminUsername": "ccgc02",
                    "linuxConfiguration": {
                        "disablePasswordAuthentication": false
                    },
                    "secrets": []
                },
                "networkProfile": {
                    "networkInterfaces": [
                        {
                            "id": "[resourceId('Microsoft.Network/networkInterfaces', parameters('networkInterfaces_ccgc02nodompi550_name'))]"
                        }
                    ]
                }
            },
            "dependsOn": [
                "[resourceId('Microsoft.Network/networkInterfaces', parameters('networkInterfaces_ccgc02nodompi550_name'))]"
            ]
        },
        {
            "comments": "Generalized from resource: '/subscriptions/0f1afb25-a35d-4cb9-919d-851908fc6f26/resourceGroups/ccgc02MPI/providers/Microsoft.Compute/virtualMachines/ccgco6NodoMPI'.",
            "type": "Microsoft.Compute/virtualMachines",
            "name": "[parameters('virtualMachines_ccgco6NodoMPI_name')]",
            "apiVersion": "2017-12-01",
            "location": "northeurope",
            "tags": {},
            "scale": null,
            "properties": {
                "hardwareProfile": {
                    "vmSize": "Basic_A1"
                },
                "storageProfile": {
                    "imageReference": {
                        "publisher": "Canonical",
                        "offer": "UbuntuServer",
                        "sku": "16.04-LTS",
                        "version": "latest"
                    },
                    "osDisk": {
                        "osType": "Linux",
                        "name": "[concat(parameters('virtualMachines_ccgco6NodoMPI_name'),'_OsDisk_1_bdb2b3459d7e4a4790c93f57b75e26d0')]",
                        "createOption": "FromImage",
                        "caching": "ReadWrite",
                        "managedDisk": {
                            "storageAccountType": "Standard_LRS",
                            "id": "[parameters('virtualMachines_ccgco6NodoMPI_id')]"
                        },
                        "diskSizeGB": 30
                    },
                    "dataDisks": []
                },
                "osProfile": {
                    "computerName": "[parameters('virtualMachines_ccgco6NodoMPI_name')]",
                    "adminUsername": "ccgc06",
                    "linuxConfiguration": {
                        "disablePasswordAuthentication": false
                    },
                    "secrets": []
                },
                "networkProfile": {
                    "networkInterfaces": [
                        {
                            "id": "[resourceId('Microsoft.Network/networkInterfaces', parameters('networkInterfaces_ccgco6nodompi50_name'))]"
                        }
                    ]
                }
            },
            "dependsOn": [
                "[resourceId('Microsoft.Network/networkInterfaces', parameters('networkInterfaces_ccgco6nodompi50_name'))]"
            ]
        },
        {
            "comments": "Generalized from resource: '/subscriptions/0f1afb25-a35d-4cb9-919d-851908fc6f26/resourceGroups/ccgc02MPI/providers/Microsoft.Network/networkInterfaces/ccgc02mastermpi876'.",
            "type": "Microsoft.Network/networkInterfaces",
            "name": "[parameters('networkInterfaces_ccgc02mastermpi876_name')]",
            "apiVersion": "2018-02-01",
            "location": "northeurope",
            "tags": {},
            "scale": null,
            "properties": {
                "provisioningState": "Succeeded",
                "resourceGuid": "50af5899-f785-40e6-be14-57c42fa7f423",
                "ipConfigurations": [
                    {
                        "name": "ipconfig1",
                        "etag": "W/\"0bce5da0-6fea-44cb-a79b-dd43775a7382\"",
                        "properties": {
                            "provisioningState": "Succeeded",
                            "privateIPAddress": "10.0.3.4",
                            "privateIPAllocationMethod": "Dynamic",
                            "publicIPAddress": {
                                "id": "[resourceId('Microsoft.Network/publicIPAddresses', parameters('publicIPAddresses_ccgc02MasterMPI_ip_name'))]"
                            },
                            "subnet": {
                                "id": "[resourceId('Microsoft.Network/virtualNetworks/subnets', parameters('virtualNetworks_ccgc02MPI_vnet_name'), parameters('subnets_default_name'))]"
                            },
                            "primary": true,
                            "privateIPAddressVersion": "IPv4"
                        }
                    }
                ],
                "dnsSettings": {
                    "dnsServers": [],
                    "appliedDnsServers": [],
                    "internalDomainNameSuffix": "fzfmlqdbhwiuzhysagiko3qinc.fx.internal.cloudapp.net"
                },
                "macAddress": "00-0D-3A-B9-AD-1D",
                "enableAcceleratedNetworking": false,
                "enableIPForwarding": false,
                "networkSecurityGroup": {
                    "id": "[resourceId('Microsoft.Network/networkSecurityGroups', parameters('networkSecurityGroups_ccgc02MasterMPI_nsg_name'))]"
                },
                "primary": true
            },
            "dependsOn": [
                "[resourceId('Microsoft.Network/publicIPAddresses', parameters('publicIPAddresses_ccgc02MasterMPI_ip_name'))]",
                "[resourceId('Microsoft.Network/virtualNetworks/subnets', parameters('virtualNetworks_ccgc02MPI_vnet_name'), parameters('subnets_default_name'))]",
                "[resourceId('Microsoft.Network/networkSecurityGroups', parameters('networkSecurityGroups_ccgc02MasterMPI_nsg_name'))]"
            ]
        },
        {
            "comments": "Generalized from resource: '/subscriptions/0f1afb25-a35d-4cb9-919d-851908fc6f26/resourceGroups/ccgc02MPI/providers/Microsoft.Network/networkInterfaces/ccgc02nodompi550'.",
            "type": "Microsoft.Network/networkInterfaces",
            "name": "[parameters('networkInterfaces_ccgc02nodompi550_name')]",
            "apiVersion": "2018-02-01",
            "location": "northeurope",
            "tags": {},
            "scale": null,
            "properties": {
                "provisioningState": "Succeeded",
                "resourceGuid": "f8e5427f-1b53-4abd-bcf4-fcc0bc2a5073",
                "ipConfigurations": [
                    {
                        "name": "ipconfig1",
                        "etag": "W/\"e4ff0911-5811-40f1-8ca8-01a86f40bc66\"",
                        "properties": {
                            "provisioningState": "Succeeded",
                            "privateIPAddress": "10.0.3.5",
                            "privateIPAllocationMethod": "Dynamic",
                            "publicIPAddress": {
                                "id": "[resourceId('Microsoft.Network/publicIPAddresses', parameters('publicIPAddresses_ccgc02NodoMPI_ip_name'))]"
                            },
                            "subnet": {
                                "id": "[resourceId('Microsoft.Network/virtualNetworks/subnets', parameters('virtualNetworks_ccgc02MPI_vnet_name'), parameters('subnets_default_name'))]"
                            },
                            "primary": true,
                            "privateIPAddressVersion": "IPv4"
                        }
                    }
                ],
                "dnsSettings": {
                    "dnsServers": [],
                    "appliedDnsServers": [],
                    "internalDomainNameSuffix": "fzfmlqdbhwiuzhysagiko3qinc.fx.internal.cloudapp.net"
                },
                "macAddress": "00-0D-3A-BA-76-37",
                "enableAcceleratedNetworking": false,
                "enableIPForwarding": false,
                "networkSecurityGroup": {
                    "id": "[resourceId('Microsoft.Network/networkSecurityGroups', parameters('networkSecurityGroups_ccgc02NodoMPI_nsg_name'))]"
                },
                "primary": true
            },
            "dependsOn": [
                "[resourceId('Microsoft.Network/publicIPAddresses', parameters('publicIPAddresses_ccgc02NodoMPI_ip_name'))]",
                "[resourceId('Microsoft.Network/virtualNetworks/subnets', parameters('virtualNetworks_ccgc02MPI_vnet_name'), parameters('subnets_default_name'))]",
                "[resourceId('Microsoft.Network/networkSecurityGroups', parameters('networkSecurityGroups_ccgc02NodoMPI_nsg_name'))]"
            ]
        },
        {
            "comments": "Generalized from resource: '/subscriptions/0f1afb25-a35d-4cb9-919d-851908fc6f26/resourceGroups/ccgc02MPI/providers/Microsoft.Network/networkInterfaces/ccgco6nodompi50'.",
            "type": "Microsoft.Network/networkInterfaces",
            "name": "[parameters('networkInterfaces_ccgco6nodompi50_name')]",
            "apiVersion": "2018-02-01",
            "location": "northeurope",
            "tags": {},
            "scale": null,
            "properties": {
                "provisioningState": "Succeeded",
                "resourceGuid": "8d572c2a-e679-46f5-9b99-fc4abd3fda9f",
                "ipConfigurations": [
                    {
                        "name": "ipconfig1",
                        "etag": "W/\"8a8a5279-880e-46c4-9465-1c6406d3c167\"",
                        "properties": {
                            "provisioningState": "Succeeded",
                            "privateIPAddress": "10.0.3.6",
                            "privateIPAllocationMethod": "Dynamic",
                            "publicIPAddress": {
                                "id": "[resourceId('Microsoft.Network/publicIPAddresses', parameters('publicIPAddresses_ccgco6NodoMPI_ip_name'))]"
                            },
                            "subnet": {
                                "id": "[resourceId('Microsoft.Network/virtualNetworks/subnets', parameters('virtualNetworks_ccgc02MPI_vnet_name'), parameters('subnets_default_name'))]"
                            },
                            "primary": true,
                            "privateIPAddressVersion": "IPv4"
                        }
                    }
                ],
                "dnsSettings": {
                    "dnsServers": [],
                    "appliedDnsServers": [],
                    "internalDomainNameSuffix": "fzfmlqdbhwiuzhysagiko3qinc.fx.internal.cloudapp.net"
                },
                "macAddress": "00-0D-3A-B1-95-F5",
                "enableAcceleratedNetworking": false,
                "enableIPForwarding": false,
                "networkSecurityGroup": {
                    "id": "[resourceId('Microsoft.Network/networkSecurityGroups', parameters('networkSecurityGroups_ccgco6NodoMPI_nsg_name'))]"
                },
                "primary": true
            },
            "dependsOn": [
                "[resourceId('Microsoft.Network/publicIPAddresses', parameters('publicIPAddresses_ccgco6NodoMPI_ip_name'))]",
                "[resourceId('Microsoft.Network/virtualNetworks/subnets', parameters('virtualNetworks_ccgc02MPI_vnet_name'), parameters('subnets_default_name'))]",
                "[resourceId('Microsoft.Network/networkSecurityGroups', parameters('networkSecurityGroups_ccgco6NodoMPI_nsg_name'))]"
            ]
        },
        {
            "comments": "Generalized from resource: '/subscriptions/0f1afb25-a35d-4cb9-919d-851908fc6f26/resourceGroups/ccgc02MPI/providers/Microsoft.Network/networkSecurityGroups/ccgc02MasterMPI-nsg'.",
            "type": "Microsoft.Network/networkSecurityGroups",
            "name": "[parameters('networkSecurityGroups_ccgc02MasterMPI_nsg_name')]",
            "apiVersion": "2018-02-01",
            "location": "northeurope",
            "tags": {},
            "scale": null,
            "properties": {
                "provisioningState": "Succeeded",
                "resourceGuid": "083292aa-c1c1-4126-a31b-c6546d9a40a4",
                "securityRules": [
                    {
                        "name": "SSH",
                        "etag": "W/\"726af7df-62e1-4f9a-bc4b-07b82b3a5e80\"",
                        "properties": {
                            "provisioningState": "Succeeded",
                            "protocol": "TCP",
                            "sourcePortRange": "*",
                            "destinationPortRange": "22",
                            "sourceAddressPrefix": "*",
                            "destinationAddressPrefix": "*",
                            "access": "Allow",
                            "priority": 300,
                            "direction": "Inbound",
                            "sourcePortRanges": [],
                            "destinationPortRanges": [],
                            "sourceAddressPrefixes": [],
                            "destinationAddressPrefixes": []
                        }
                    }
                ],
                "defaultSecurityRules": [
                    {
                        "name": "AllowVnetInBound",
                        "etag": "W/\"726af7df-62e1-4f9a-bc4b-07b82b3a5e80\"",
                        "properties": {
                            "provisioningState": "Succeeded",
                            "description": "Allow inbound traffic from all VMs in VNET",
                            "protocol": "*",
                            "sourcePortRange": "*",
                            "destinationPortRange": "*",
                            "sourceAddressPrefix": "VirtualNetwork",
                            "destinationAddressPrefix": "VirtualNetwork",
                            "access": "Allow",
                            "priority": 65000,
                            "direction": "Inbound",
                            "sourcePortRanges": [],
                            "destinationPortRanges": [],
                            "sourceAddressPrefixes": [],
                            "destinationAddressPrefixes": []
                        }
                    },
                    {
                        "name": "AllowAzureLoadBalancerInBound",
                        "etag": "W/\"726af7df-62e1-4f9a-bc4b-07b82b3a5e80\"",
                        "properties": {
                            "provisioningState": "Succeeded",
                            "description": "Allow inbound traffic from azure load balancer",
                            "protocol": "*",
                            "sourcePortRange": "*",
                            "destinationPortRange": "*",
                            "sourceAddressPrefix": "AzureLoadBalancer",
                            "destinationAddressPrefix": "*",
                            "access": "Allow",
                            "priority": 65001,
                            "direction": "Inbound",
                            "sourcePortRanges": [],
                            "destinationPortRanges": [],
                            "sourceAddressPrefixes": [],
                            "destinationAddressPrefixes": []
                        }
                    },
                    {
                        "name": "DenyAllInBound",
                        "etag": "W/\"726af7df-62e1-4f9a-bc4b-07b82b3a5e80\"",
                        "properties": {
                            "provisioningState": "Succeeded",
                            "description": "Deny all inbound traffic",
                            "protocol": "*",
                            "sourcePortRange": "*",
                            "destinationPortRange": "*",
                            "sourceAddressPrefix": "*",
                            "destinationAddressPrefix": "*",
                            "access": "Deny",
                            "priority": 65500,
                            "direction": "Inbound",
                            "sourcePortRanges": [],
                            "destinationPortRanges": [],
                            "sourceAddressPrefixes": [],
                            "destinationAddressPrefixes": []
                        }
                    },
                    {
                        "name": "AllowVnetOutBound",
                        "etag": "W/\"726af7df-62e1-4f9a-bc4b-07b82b3a5e80\"",
                        "properties": {
                            "provisioningState": "Succeeded",
                            "description": "Allow outbound traffic from all VMs to all VMs in VNET",
                            "protocol": "*",
                            "sourcePortRange": "*",
                            "destinationPortRange": "*",
                            "sourceAddressPrefix": "VirtualNetwork",
                            "destinationAddressPrefix": "VirtualNetwork",
                            "access": "Allow",
                            "priority": 65000,
                            "direction": "Outbound",
                            "sourcePortRanges": [],
                            "destinationPortRanges": [],
                            "sourceAddressPrefixes": [],
                            "destinationAddressPrefixes": []
                        }
                    },
                    {
                        "name": "AllowInternetOutBound",
                        "etag": "W/\"726af7df-62e1-4f9a-bc4b-07b82b3a5e80\"",
                        "properties": {
                            "provisioningState": "Succeeded",
                            "description": "Allow outbound traffic from all VMs to Internet",
                            "protocol": "*",
                            "sourcePortRange": "*",
                            "destinationPortRange": "*",
                            "sourceAddressPrefix": "*",
                            "destinationAddressPrefix": "Internet",
                            "access": "Allow",
                            "priority": 65001,
                            "direction": "Outbound",
                            "sourcePortRanges": [],
                            "destinationPortRanges": [],
                            "sourceAddressPrefixes": [],
                            "destinationAddressPrefixes": []
                        }
                    },
                    {
                        "name": "DenyAllOutBound",
                        "etag": "W/\"726af7df-62e1-4f9a-bc4b-07b82b3a5e80\"",
                        "properties": {
                            "provisioningState": "Succeeded",
                            "description": "Deny all outbound traffic",
                            "protocol": "*",
                            "sourcePortRange": "*",
                            "destinationPortRange": "*",
                            "sourceAddressPrefix": "*",
                            "destinationAddressPrefix": "*",
                            "access": "Deny",
                            "priority": 65500,
                            "direction": "Outbound",
                            "sourcePortRanges": [],
                            "destinationPortRanges": [],
                            "sourceAddressPrefixes": [],
                            "destinationAddressPrefixes": []
                        }
                    }
                ]
            },
            "dependsOn": []
        },
        {
            "comments": "Generalized from resource: '/subscriptions/0f1afb25-a35d-4cb9-919d-851908fc6f26/resourceGroups/ccgc02MPI/providers/Microsoft.Network/networkSecurityGroups/ccgc02NodoMPI-nsg'.",
            "type": "Microsoft.Network/networkSecurityGroups",
            "name": "[parameters('networkSecurityGroups_ccgc02NodoMPI_nsg_name')]",
            "apiVersion": "2018-02-01",
            "location": "northeurope",
            "tags": {},
            "scale": null,
            "properties": {
                "provisioningState": "Succeeded",
                "resourceGuid": "be51e589-8d81-435b-a98e-d4bf1c3f2f02",
                "securityRules": [
                    {
                        "name": "SSH",
                        "etag": "W/\"bb3d4163-a8a2-4ca8-8d44-490e906056d0\"",
                        "properties": {
                            "provisioningState": "Succeeded",
                            "protocol": "TCP",
                            "sourcePortRange": "*",
                            "destinationPortRange": "22",
                            "sourceAddressPrefix": "*",
                            "destinationAddressPrefix": "*",
                            "access": "Allow",
                            "priority": 300,
                            "direction": "Inbound",
                            "sourcePortRanges": [],
                            "destinationPortRanges": [],
                            "sourceAddressPrefixes": [],
                            "destinationAddressPrefixes": []
                        }
                    }
                ],
                "defaultSecurityRules": [
                    {
                        "name": "AllowVnetInBound",
                        "etag": "W/\"bb3d4163-a8a2-4ca8-8d44-490e906056d0\"",
                        "properties": {
                            "provisioningState": "Succeeded",
                            "description": "Allow inbound traffic from all VMs in VNET",
                            "protocol": "*",
                            "sourcePortRange": "*",
                            "destinationPortRange": "*",
                            "sourceAddressPrefix": "VirtualNetwork",
                            "destinationAddressPrefix": "VirtualNetwork",
                            "access": "Allow",
                            "priority": 65000,
                            "direction": "Inbound",
                            "sourcePortRanges": [],
                            "destinationPortRanges": [],
                            "sourceAddressPrefixes": [],
                            "destinationAddressPrefixes": []
                        }
                    },
                    {
                        "name": "AllowAzureLoadBalancerInBound",
                        "etag": "W/\"bb3d4163-a8a2-4ca8-8d44-490e906056d0\"",
                        "properties": {
                            "provisioningState": "Succeeded",
                            "description": "Allow inbound traffic from azure load balancer",
                            "protocol": "*",
                            "sourcePortRange": "*",
                            "destinationPortRange": "*",
                            "sourceAddressPrefix": "AzureLoadBalancer",
                            "destinationAddressPrefix": "*",
                            "access": "Allow",
                            "priority": 65001,
                            "direction": "Inbound",
                            "sourcePortRanges": [],
                            "destinationPortRanges": [],
                            "sourceAddressPrefixes": [],
                            "destinationAddressPrefixes": []
                        }
                    },
                    {
                        "name": "DenyAllInBound",
                        "etag": "W/\"bb3d4163-a8a2-4ca8-8d44-490e906056d0\"",
                        "properties": {
                            "provisioningState": "Succeeded",
                            "description": "Deny all inbound traffic",
                            "protocol": "*",
                            "sourcePortRange": "*",
                            "destinationPortRange": "*",
                            "sourceAddressPrefix": "*",
                            "destinationAddressPrefix": "*",
                            "access": "Deny",
                            "priority": 65500,
                            "direction": "Inbound",
                            "sourcePortRanges": [],
                            "destinationPortRanges": [],
                            "sourceAddressPrefixes": [],
                            "destinationAddressPrefixes": []
                        }
                    },
                    {
                        "name": "AllowVnetOutBound",
                        "etag": "W/\"bb3d4163-a8a2-4ca8-8d44-490e906056d0\"",
                        "properties": {
                            "provisioningState": "Succeeded",
                            "description": "Allow outbound traffic from all VMs to all VMs in VNET",
                            "protocol": "*",
                            "sourcePortRange": "*",
                            "destinationPortRange": "*",
                            "sourceAddressPrefix": "VirtualNetwork",
                            "destinationAddressPrefix": "VirtualNetwork",
                            "access": "Allow",
                            "priority": 65000,
                            "direction": "Outbound",
                            "sourcePortRanges": [],
                            "destinationPortRanges": [],
                            "sourceAddressPrefixes": [],
                            "destinationAddressPrefixes": []
                        }
                    },
                    {
                        "name": "AllowInternetOutBound",
                        "etag": "W/\"bb3d4163-a8a2-4ca8-8d44-490e906056d0\"",
                        "properties": {
                            "provisioningState": "Succeeded",
                            "description": "Allow outbound traffic from all VMs to Internet",
                            "protocol": "*",
                            "sourcePortRange": "*",
                            "destinationPortRange": "*",
                            "sourceAddressPrefix": "*",
                            "destinationAddressPrefix": "Internet",
                            "access": "Allow",
                            "priority": 65001,
                            "direction": "Outbound",
                            "sourcePortRanges": [],
                            "destinationPortRanges": [],
                            "sourceAddressPrefixes": [],
                            "destinationAddressPrefixes": []
                        }
                    },
                    {
                        "name": "DenyAllOutBound",
                        "etag": "W/\"bb3d4163-a8a2-4ca8-8d44-490e906056d0\"",
                        "properties": {
                            "provisioningState": "Succeeded",
                            "description": "Deny all outbound traffic",
                            "protocol": "*",
                            "sourcePortRange": "*",
                            "destinationPortRange": "*",
                            "sourceAddressPrefix": "*",
                            "destinationAddressPrefix": "*",
                            "access": "Deny",
                            "priority": 65500,
                            "direction": "Outbound",
                            "sourcePortRanges": [],
                            "destinationPortRanges": [],
                            "sourceAddressPrefixes": [],
                            "destinationAddressPrefixes": []
                        }
                    }
                ]
            },
            "dependsOn": []
        },
        {
            "comments": "Generalized from resource: '/subscriptions/0f1afb25-a35d-4cb9-919d-851908fc6f26/resourceGroups/ccgc02MPI/providers/Microsoft.Network/networkSecurityGroups/ccgco6NodoMPI-nsg'.",
            "type": "Microsoft.Network/networkSecurityGroups",
            "name": "[parameters('networkSecurityGroups_ccgco6NodoMPI_nsg_name')]",
            "apiVersion": "2018-02-01",
            "location": "northeurope",
            "tags": {},
            "scale": null,
            "properties": {
                "provisioningState": "Succeeded",
                "resourceGuid": "550a0f66-81f1-4ff1-8ac8-3f11921d5cf4",
                "securityRules": [
                    {
                        "name": "SSH",
                        "etag": "W/\"03a9d0da-fe97-4929-91aa-d5ae4f04c27e\"",
                        "properties": {
                            "provisioningState": "Succeeded",
                            "protocol": "TCP",
                            "sourcePortRange": "*",
                            "destinationPortRange": "22",
                            "sourceAddressPrefix": "*",
                            "destinationAddressPrefix": "*",
                            "access": "Allow",
                            "priority": 300,
                            "direction": "Inbound",
                            "sourcePortRanges": [],
                            "destinationPortRanges": [],
                            "sourceAddressPrefixes": [],
                            "destinationAddressPrefixes": []
                        }
                    }
                ],
                "defaultSecurityRules": [
                    {
                        "name": "AllowVnetInBound",
                        "etag": "W/\"03a9d0da-fe97-4929-91aa-d5ae4f04c27e\"",
                        "properties": {
                            "provisioningState": "Succeeded",
                            "description": "Allow inbound traffic from all VMs in VNET",
                            "protocol": "*",
                            "sourcePortRange": "*",
                            "destinationPortRange": "*",
                            "sourceAddressPrefix": "VirtualNetwork",
                            "destinationAddressPrefix": "VirtualNetwork",
                            "access": "Allow",
                            "priority": 65000,
                            "direction": "Inbound",
                            "sourcePortRanges": [],
                            "destinationPortRanges": [],
                            "sourceAddressPrefixes": [],
                            "destinationAddressPrefixes": []
                        }
                    },
                    {
                        "name": "AllowAzureLoadBalancerInBound",
                        "etag": "W/\"03a9d0da-fe97-4929-91aa-d5ae4f04c27e\"",
                        "properties": {
                            "provisioningState": "Succeeded",
                            "description": "Allow inbound traffic from azure load balancer",
                            "protocol": "*",
                            "sourcePortRange": "*",
                            "destinationPortRange": "*",
                            "sourceAddressPrefix": "AzureLoadBalancer",
                            "destinationAddressPrefix": "*",
                            "access": "Allow",
                            "priority": 65001,
                            "direction": "Inbound",
                            "sourcePortRanges": [],
                            "destinationPortRanges": [],
                            "sourceAddressPrefixes": [],
                            "destinationAddressPrefixes": []
                        }
                    },
                    {
                        "name": "DenyAllInBound",
                        "etag": "W/\"03a9d0da-fe97-4929-91aa-d5ae4f04c27e\"",
                        "properties": {
                            "provisioningState": "Succeeded",
                            "description": "Deny all inbound traffic",
                            "protocol": "*",
                            "sourcePortRange": "*",
                            "destinationPortRange": "*",
                            "sourceAddressPrefix": "*",
                            "destinationAddressPrefix": "*",
                            "access": "Deny",
                            "priority": 65500,
                            "direction": "Inbound",
                            "sourcePortRanges": [],
                            "destinationPortRanges": [],
                            "sourceAddressPrefixes": [],
                            "destinationAddressPrefixes": []
                        }
                    },
                    {
                        "name": "AllowVnetOutBound",
                        "etag": "W/\"03a9d0da-fe97-4929-91aa-d5ae4f04c27e\"",
                        "properties": {
                            "provisioningState": "Succeeded",
                            "description": "Allow outbound traffic from all VMs to all VMs in VNET",
                            "protocol": "*",
                            "sourcePortRange": "*",
                            "destinationPortRange": "*",
                            "sourceAddressPrefix": "VirtualNetwork",
                            "destinationAddressPrefix": "VirtualNetwork",
                            "access": "Allow",
                            "priority": 65000,
                            "direction": "Outbound",
                            "sourcePortRanges": [],
                            "destinationPortRanges": [],
                            "sourceAddressPrefixes": [],
                            "destinationAddressPrefixes": []
                        }
                    },
                    {
                        "name": "AllowInternetOutBound",
                        "etag": "W/\"03a9d0da-fe97-4929-91aa-d5ae4f04c27e\"",
                        "properties": {
                            "provisioningState": "Succeeded",
                            "description": "Allow outbound traffic from all VMs to Internet",
                            "protocol": "*",
                            "sourcePortRange": "*",
                            "destinationPortRange": "*",
                            "sourceAddressPrefix": "*",
                            "destinationAddressPrefix": "Internet",
                            "access": "Allow",
                            "priority": 65001,
                            "direction": "Outbound",
                            "sourcePortRanges": [],
                            "destinationPortRanges": [],
                            "sourceAddressPrefixes": [],
                            "destinationAddressPrefixes": []
                        }
                    },
                    {
                        "name": "DenyAllOutBound",
                        "etag": "W/\"03a9d0da-fe97-4929-91aa-d5ae4f04c27e\"",
                        "properties": {
                            "provisioningState": "Succeeded",
                            "description": "Deny all outbound traffic",
                            "protocol": "*",
                            "sourcePortRange": "*",
                            "destinationPortRange": "*",
                            "sourceAddressPrefix": "*",
                            "destinationAddressPrefix": "*",
                            "access": "Deny",
                            "priority": 65500,
                            "direction": "Outbound",
                            "sourcePortRanges": [],
                            "destinationPortRanges": [],
                            "sourceAddressPrefixes": [],
                            "destinationAddressPrefixes": []
                        }
                    }
                ]
            },
            "dependsOn": []
        },
        {
            "comments": "Generalized from resource: '/subscriptions/0f1afb25-a35d-4cb9-919d-851908fc6f26/resourceGroups/ccgc02MPI/providers/Microsoft.Network/publicIPAddresses/ccgc02MasterMPI-ip'.",
            "type": "Microsoft.Network/publicIPAddresses",
            "sku": {
                "name": "Basic",
                "tier": "Regional"
            },
            "name": "[parameters('publicIPAddresses_ccgc02MasterMPI_ip_name')]",
            "apiVersion": "2018-02-01",
            "location": "northeurope",
            "tags": {},
            "scale": null,
            "properties": {
                "provisioningState": "Succeeded",
                "resourceGuid": "f257675e-3ea8-4e52-b11a-08c0d800876e",
                "ipAddress": "40.112.68.85",
                "publicIPAddressVersion": "IPv4",
                "publicIPAllocationMethod": "Dynamic",
                "idleTimeoutInMinutes": 4,
                "ipTags": []
            },
            "dependsOn": []
        },
        {
            "comments": "Generalized from resource: '/subscriptions/0f1afb25-a35d-4cb9-919d-851908fc6f26/resourceGroups/ccgc02MPI/providers/Microsoft.Network/publicIPAddresses/ccgc02NodoMPI-ip'.",
            "type": "Microsoft.Network/publicIPAddresses",
            "sku": {
                "name": "Basic",
                "tier": "Regional"
            },
            "name": "[parameters('publicIPAddresses_ccgc02NodoMPI_ip_name')]",
            "apiVersion": "2018-02-01",
            "location": "northeurope",
            "tags": {},
            "scale": null,
            "properties": {
                "provisioningState": "Succeeded",
                "resourceGuid": "18b06486-2d61-47ec-9247-c63738896174",
                "ipAddress": "40.85.75.130",
                "publicIPAddressVersion": "IPv4",
                "publicIPAllocationMethod": "Dynamic",
                "idleTimeoutInMinutes": 4,
                "ipTags": []
            },
            "dependsOn": []
        },
        {
            "comments": "Generalized from resource: '/subscriptions/0f1afb25-a35d-4cb9-919d-851908fc6f26/resourceGroups/ccgc02MPI/providers/Microsoft.Network/publicIPAddresses/ccgco6NodoMPI-ip'.",
            "type": "Microsoft.Network/publicIPAddresses",
            "sku": {
                "name": "Basic",
                "tier": "Regional"
            },
            "name": "[parameters('publicIPAddresses_ccgco6NodoMPI_ip_name')]",
            "apiVersion": "2018-02-01",
            "location": "northeurope",
            "tags": {},
            "scale": null,
            "properties": {
                "provisioningState": "Succeeded",
                "resourceGuid": "e549bebd-a8a6-4064-a82b-670ad431fb92",
                "ipAddress": "40.115.122.226",
                "publicIPAddressVersion": "IPv4",
                "publicIPAllocationMethod": "Dynamic",
                "idleTimeoutInMinutes": 4,
                "ipTags": []
            },
            "dependsOn": []
        },
        {
            "comments": "Generalized from resource: '/subscriptions/0f1afb25-a35d-4cb9-919d-851908fc6f26/resourceGroups/ccgc02MPI/providers/Microsoft.Network/virtualNetworks/ccgc02MPI-vnet'.",
            "type": "Microsoft.Network/virtualNetworks",
            "name": "[parameters('virtualNetworks_ccgc02MPI_vnet_name')]",
            "apiVersion": "2018-02-01",
            "location": "northeurope",
            "tags": {},
            "scale": null,
            "properties": {
                "provisioningState": "Succeeded",
                "resourceGuid": "c0c54a2e-3d61-4c91-9f12-0190a776086a",
                "addressSpace": {
                    "addressPrefixes": [
                        "10.0.3.0/24"
                    ]
                },
                "subnets": [
                    {
                        "name": "default",
                        "etag": "W/\"496ddc47-7ba6-436e-8b9c-805f23bc616a\"",
                        "properties": {
                            "provisioningState": "Succeeded",
                            "addressPrefix": "10.0.3.0/24"
                        }
                    }
                ],
                "virtualNetworkPeerings": [],
                "enableDdosProtection": false,
                "enableVmProtection": false
            },
            "dependsOn": []
        },
        {
            "comments": "Generalized from resource: '/subscriptions/0f1afb25-a35d-4cb9-919d-851908fc6f26/resourceGroups/ccgc02MPI/providers/Microsoft.Network/networkSecurityGroups/ccgc02MasterMPI-nsg/securityRules/SSH'.",
            "type": "Microsoft.Network/networkSecurityGroups/securityRules",
            "name": "[concat(parameters('networkSecurityGroups_ccgc02MasterMPI_nsg_name'), '/', parameters('securityRules_SSH_name_2'))]",
            "apiVersion": "2018-02-01",
            "scale": null,
            "properties": {
                "provisioningState": "Succeeded",
                "protocol": "TCP",
                "sourcePortRange": "*",
                "destinationPortRange": "22",
                "sourceAddressPrefix": "*",
                "destinationAddressPrefix": "*",
                "access": "Allow",
                "priority": 300,
                "direction": "Inbound",
                "sourcePortRanges": [],
                "destinationPortRanges": [],
                "sourceAddressPrefixes": [],
                "destinationAddressPrefixes": []
            },
            "dependsOn": [
                "[resourceId('Microsoft.Network/networkSecurityGroups', parameters('networkSecurityGroups_ccgc02MasterMPI_nsg_name'))]"
            ]
        },
        {
            "comments": "Generalized from resource: '/subscriptions/0f1afb25-a35d-4cb9-919d-851908fc6f26/resourceGroups/ccgc02MPI/providers/Microsoft.Network/networkSecurityGroups/ccgc02NodoMPI-nsg/securityRules/SSH'.",
            "type": "Microsoft.Network/networkSecurityGroups/securityRules",
            "name": "[concat(parameters('networkSecurityGroups_ccgc02NodoMPI_nsg_name'), '/', parameters('securityRules_SSH_name'))]",
            "apiVersion": "2018-02-01",
            "scale": null,
            "properties": {
                "provisioningState": "Succeeded",
                "protocol": "TCP",
                "sourcePortRange": "*",
                "destinationPortRange": "22",
                "sourceAddressPrefix": "*",
                "destinationAddressPrefix": "*",
                "access": "Allow",
                "priority": 300,
                "direction": "Inbound",
                "sourcePortRanges": [],
                "destinationPortRanges": [],
                "sourceAddressPrefixes": [],
                "destinationAddressPrefixes": []
            },
            "dependsOn": [
                "[resourceId('Microsoft.Network/networkSecurityGroups', parameters('networkSecurityGroups_ccgc02NodoMPI_nsg_name'))]"
            ]
        },
        {
            "comments": "Generalized from resource: '/subscriptions/0f1afb25-a35d-4cb9-919d-851908fc6f26/resourceGroups/ccgc02MPI/providers/Microsoft.Network/networkSecurityGroups/ccgco6NodoMPI-nsg/securityRules/SSH'.",
            "type": "Microsoft.Network/networkSecurityGroups/securityRules",
            "name": "[concat(parameters('networkSecurityGroups_ccgco6NodoMPI_nsg_name'), '/', parameters('securityRules_SSH_name_1'))]",
            "apiVersion": "2018-02-01",
            "scale": null,
            "properties": {
                "provisioningState": "Succeeded",
                "protocol": "TCP",
                "sourcePortRange": "*",
                "destinationPortRange": "22",
                "sourceAddressPrefix": "*",
                "destinationAddressPrefix": "*",
                "access": "Allow",
                "priority": 300,
                "direction": "Inbound",
                "sourcePortRanges": [],
                "destinationPortRanges": [],
                "sourceAddressPrefixes": [],
                "destinationAddressPrefixes": []
            },
            "dependsOn": [
                "[resourceId('Microsoft.Network/networkSecurityGroups', parameters('networkSecurityGroups_ccgco6NodoMPI_nsg_name'))]"
            ]
        },
        {
            "comments": "Generalized from resource: '/subscriptions/0f1afb25-a35d-4cb9-919d-851908fc6f26/resourceGroups/ccgc02MPI/providers/Microsoft.Network/virtualNetworks/ccgc02MPI-vnet/subnets/default'.",
            "type": "Microsoft.Network/virtualNetworks/subnets",
            "name": "[concat(parameters('virtualNetworks_ccgc02MPI_vnet_name'), '/', parameters('subnets_default_name'))]",
            "apiVersion": "2018-02-01",
            "scale": null,
            "properties": {
                "provisioningState": "Succeeded",
                "addressPrefix": "10.0.3.0/24"
            },
            "dependsOn": [
                "[resourceId('Microsoft.Network/virtualNetworks', parameters('virtualNetworks_ccgc02MPI_vnet_name'))]"
            ]
        }
    ]
}