{
    "$schema": "https://schema.management.azure.com/schemas/2015-01-01/deploymentParameters.json#",
    "contentVersion": "1.0.0.0",
    "parameters": {
        "virtualMachines_javier_name": {
            "value": null
        },
        "networkInterfaces_javier670_name": {
            "value": null
        },
        "publicIPAddresses_javier_ip_name": {
            "value": null
        },
        "virtualNetworks_grccgc02_vnet_name": {
            "value": null
        },
        "networkSecurityGroups_javier_nsg_name": {
            "value": null
        },
        "subnets_default_name": {
            "value": null
        },
        "securityRules_SSH_name": {
            "value": null
        },
        "securityRules_HTTP_name": {
            "value": null
        },
        "virtualMachines_javier_id": {
            "value": null
        }
    }
}