{
    "$schema": "https://schema.management.azure.com/schemas/2015-01-01/deploymentTemplate.json#",
    "contentVersion": "1.0.0.0",
    "parameters": {
        "virtualMachines_javier_name": {
            "defaultValue": "javier",
            "type": "String"
        },
        "networkInterfaces_javier670_name": {
            "defaultValue": "javier670",
            "type": "String"
        },
        "publicIPAddresses_javier_ip_name": {
            "defaultValue": "javier-ip",
            "type": "String"
        },
        "virtualNetworks_grccgc02_vnet_name": {
            "defaultValue": "grccgc02-vnet",
            "type": "String"
        },
        "networkSecurityGroups_javier_nsg_name": {
            "defaultValue": "javier-nsg",
            "type": "String"
        },
        "subnets_default_name": {
            "defaultValue": "default",
            "type": "String"
        },
        "securityRules_SSH_name": {
            "defaultValue": "SSH",
            "type": "String"
        },
        "securityRules_HTTP_name": {
            "defaultValue": "HTTP",
            "type": "String"
        },
        "virtualMachines_javier_id": {
            "defaultValue": "/subscriptions/0f1afb25-a35d-4cb9-919d-851908fc6f26/resourceGroups/grccgc02/providers/Microsoft.Compute/disks/javier_OsDisk_1_051489ee98e348279bc8180f727a6983",
            "type": "String"
        }
    },
    "variables": {},
    "resources": [
        {
            "comments": "Generalized from resource: '/subscriptions/0f1afb25-a35d-4cb9-919d-851908fc6f26/resourceGroups/grccgc02/providers/Microsoft.Compute/virtualMachines/javier'.",
            "type": "Microsoft.Compute/virtualMachines",
            "name": "[parameters('virtualMachines_javier_name')]",
            "apiVersion": "2017-12-01",
            "location": "northeurope",
            "tags": {},
            "scale": null,
            "properties": {
                "hardwareProfile": {
                    "vmSize": "Basic_A0"
                },
                "storageProfile": {
                    "imageReference": {
                        "publisher": "Canonical",
                        "offer": "UbuntuServer",
                        "sku": "16.04-LTS",
                        "version": "latest"
                    },
                    "osDisk": {
                        "osType": "Linux",
                        "name": "[concat(parameters('virtualMachines_javier_name'),'_OsDisk_1_051489ee98e348279bc8180f727a6983')]",
                        "createOption": "FromImage",
                        "caching": "ReadWrite",
                        "managedDisk": {
                            "storageAccountType": "Standard_LRS",
                            "id": "[parameters('virtualMachines_javier_id')]"
                        },
                        "diskSizeGB": 30
                    },
                    "dataDisks": []
                },
                "osProfile": {
                    "computerName": "[parameters('virtualMachines_javier_name')]",
                    "adminUsername": "ccgc02",
                    "linuxConfiguration": {
                        "disablePasswordAuthentication": false
                    },
                    "secrets": []
                },
                "networkProfile": {
                    "networkInterfaces": [
                        {
                            "id": "[resourceId('Microsoft.Network/networkInterfaces', parameters('networkInterfaces_javier670_name'))]"
                        }
                    ]
                }
            },
            "dependsOn": [
                "[resourceId('Microsoft.Network/networkInterfaces', parameters('networkInterfaces_javier670_name'))]"
            ]
        },
        {
            "comments": "Generalized from resource: '/subscriptions/0f1afb25-a35d-4cb9-919d-851908fc6f26/resourceGroups/grccgc02/providers/Microsoft.Network/networkInterfaces/javier670'.",
            "type": "Microsoft.Network/networkInterfaces",
            "name": "[parameters('networkInterfaces_javier670_name')]",
            "apiVersion": "2018-02-01",
            "location": "northeurope",
            "tags": {},
            "scale": null,
            "properties": {
                "provisioningState": "Succeeded",
                "resourceGuid": "d5605efb-35a4-49bf-87ce-94bfeb43dc7c",
                "ipConfigurations": [
                    {
                        "name": "ipconfig1",
                        "etag": "W/\"fce0904d-ca2e-485b-bbb4-64f768847d72\"",
                        "properties": {
                            "provisioningState": "Succeeded",
                            "privateIPAddress": "10.0.2.4",
                            "privateIPAllocationMethod": "Dynamic",
                            "publicIPAddress": {
                                "id": "[resourceId('Microsoft.Network/publicIPAddresses', parameters('publicIPAddresses_javier_ip_name'))]"
                            },
                            "subnet": {
                                "id": "[resourceId('Microsoft.Network/virtualNetworks/subnets', parameters('virtualNetworks_grccgc02_vnet_name'), parameters('subnets_default_name'))]"
                            },
                            "primary": true,
                            "privateIPAddressVersion": "IPv4"
                        }
                    }
                ],
                "dnsSettings": {
                    "dnsServers": [],
                    "appliedDnsServers": [],
                    "internalDomainNameSuffix": "eijdiwvvhcue1pnqnljjttof0f.fx.internal.cloudapp.net"
                },
                "macAddress": "00-0D-3A-B6-88-D7",
                "enableAcceleratedNetworking": false,
                "enableIPForwarding": false,
                "networkSecurityGroup": {
                    "id": "[resourceId('Microsoft.Network/networkSecurityGroups', parameters('networkSecurityGroups_javier_nsg_name'))]"
                },
                "primary": true
            },
            "dependsOn": [
                "[resourceId('Microsoft.Network/publicIPAddresses', parameters('publicIPAddresses_javier_ip_name'))]",
                "[resourceId('Microsoft.Network/virtualNetworks/subnets', parameters('virtualNetworks_grccgc02_vnet_name'), parameters('subnets_default_name'))]",
                "[resourceId('Microsoft.Network/networkSecurityGroups', parameters('networkSecurityGroups_javier_nsg_name'))]"
            ]
        },
        {
            "comments": "Generalized from resource: '/subscriptions/0f1afb25-a35d-4cb9-919d-851908fc6f26/resourceGroups/grccgc02/providers/Microsoft.Network/networkSecurityGroups/javier-nsg'.",
            "type": "Microsoft.Network/networkSecurityGroups",
            "name": "[parameters('networkSecurityGroups_javier_nsg_name')]",
            "apiVersion": "2018-02-01",
            "location": "northeurope",
            "tags": {},
            "scale": null,
            "properties": {
                "provisioningState": "Succeeded",
                "resourceGuid": "52de9301-2a66-4277-a908-a668f0df7378",
                "securityRules": [
                    {
                        "name": "HTTP",
                        "etag": "W/\"c726cfa2-8a2c-40ce-886b-4cfd04b7d424\"",
                        "properties": {
                            "provisioningState": "Succeeded",
                            "protocol": "TCP",
                            "sourcePortRange": "*",
                            "destinationPortRange": "80",
                            "sourceAddressPrefix": "*",
                            "destinationAddressPrefix": "*",
                            "access": "Allow",
                            "priority": 300,
                            "direction": "Inbound",
                            "sourcePortRanges": [],
                            "destinationPortRanges": [],
                            "sourceAddressPrefixes": [],
                            "destinationAddressPrefixes": []
                        }
                    },
                    {
                        "name": "SSH",
                        "etag": "W/\"c726cfa2-8a2c-40ce-886b-4cfd04b7d424\"",
                        "properties": {
                            "provisioningState": "Succeeded",
                            "protocol": "TCP",
                            "sourcePortRange": "*",
                            "destinationPortRange": "22",
                            "sourceAddressPrefix": "*",
                            "destinationAddressPrefix": "*",
                            "access": "Allow",
                            "priority": 320,
                            "direction": "Inbound",
                            "sourcePortRanges": [],
                            "destinationPortRanges": [],
                            "sourceAddressPrefixes": [],
                            "destinationAddressPrefixes": []
                        }
                    }
                ],
                "defaultSecurityRules": [
                    {
                        "name": "AllowVnetInBound",
                        "etag": "W/\"c726cfa2-8a2c-40ce-886b-4cfd04b7d424\"",
                        "properties": {
                            "provisioningState": "Succeeded",
                            "description": "Allow inbound traffic from all VMs in VNET",
                            "protocol": "*",
                            "sourcePortRange": "*",
                            "destinationPortRange": "*",
                            "sourceAddressPrefix": "VirtualNetwork",
                            "destinationAddressPrefix": "VirtualNetwork",
                            "access": "Allow",
                            "priority": 65000,
                            "direction": "Inbound",
                            "sourcePortRanges": [],
                            "destinationPortRanges": [],
                            "sourceAddressPrefixes": [],
                            "destinationAddressPrefixes": []
                        }
                    },
                    {
                        "name": "AllowAzureLoadBalancerInBound",
                        "etag": "W/\"c726cfa2-8a2c-40ce-886b-4cfd04b7d424\"",
                        "properties": {
                            "provisioningState": "Succeeded",
                            "description": "Allow inbound traffic from azure load balancer",
                            "protocol": "*",
                            "sourcePortRange": "*",
                            "destinationPortRange": "*",
                            "sourceAddressPrefix": "AzureLoadBalancer",
                            "destinationAddressPrefix": "*",
                            "access": "Allow",
                            "priority": 65001,
                            "direction": "Inbound",
                            "sourcePortRanges": [],
                            "destinationPortRanges": [],
                            "sourceAddressPrefixes": [],
                            "destinationAddressPrefixes": []
                        }
                    },
                    {
                        "name": "DenyAllInBound",
                        "etag": "W/\"c726cfa2-8a2c-40ce-886b-4cfd04b7d424\"",
                        "properties": {
                            "provisioningState": "Succeeded",
                            "description": "Deny all inbound traffic",
                            "protocol": "*",
                            "sourcePortRange": "*",
                            "destinationPortRange": "*",
                            "sourceAddressPrefix": "*",
                            "destinationAddressPrefix": "*",
                            "access": "Deny",
                            "priority": 65500,
                            "direction": "Inbound",
                            "sourcePortRanges": [],
                            "destinationPortRanges": [],
                            "sourceAddressPrefixes": [],
                            "destinationAddressPrefixes": []
                        }
                    },
                    {
                        "name": "AllowVnetOutBound",
                        "etag": "W/\"c726cfa2-8a2c-40ce-886b-4cfd04b7d424\"",
                        "properties": {
                            "provisioningState": "Succeeded",
                            "description": "Allow outbound traffic from all VMs to all VMs in VNET",
                            "protocol": "*",
                            "sourcePortRange": "*",
                            "destinationPortRange": "*",
                            "sourceAddressPrefix": "VirtualNetwork",
                            "destinationAddressPrefix": "VirtualNetwork",
                            "access": "Allow",
                            "priority": 65000,
                            "direction": "Outbound",
                            "sourcePortRanges": [],
                            "destinationPortRanges": [],
                            "sourceAddressPrefixes": [],
                            "destinationAddressPrefixes": []
                        }
                    },
                    {
                        "name": "AllowInternetOutBound",
                        "etag": "W/\"c726cfa2-8a2c-40ce-886b-4cfd04b7d424\"",
                        "properties": {
                            "provisioningState": "Succeeded",
                            "description": "Allow outbound traffic from all VMs to Internet",
                            "protocol": "*",
                            "sourcePortRange": "*",
                            "destinationPortRange": "*",
                            "sourceAddressPrefix": "*",
                            "destinationAddressPrefix": "Internet",
                            "access": "Allow",
                            "priority": 65001,
                            "direction": "Outbound",
                            "sourcePortRanges": [],
                            "destinationPortRanges": [],
                            "sourceAddressPrefixes": [],
                            "destinationAddressPrefixes": []
                        }
                    },
                    {
                        "name": "DenyAllOutBound",
                        "etag": "W/\"c726cfa2-8a2c-40ce-886b-4cfd04b7d424\"",
                        "properties": {
                            "provisioningState": "Succeeded",
                            "description": "Deny all outbound traffic",
                            "protocol": "*",
                            "sourcePortRange": "*",
                            "destinationPortRange": "*",
                            "sourceAddressPrefix": "*",
                            "destinationAddressPrefix": "*",
                            "access": "Deny",
                            "priority": 65500,
                            "direction": "Outbound",
                            "sourcePortRanges": [],
                            "destinationPortRanges": [],
                            "sourceAddressPrefixes": [],
                            "destinationAddressPrefixes": []
                        }
                    }
                ]
            },
            "dependsOn": []
        },
        {
            "comments": "Generalized from resource: '/subscriptions/0f1afb25-a35d-4cb9-919d-851908fc6f26/resourceGroups/grccgc02/providers/Microsoft.Network/publicIPAddresses/javier-ip'.",
            "type": "Microsoft.Network/publicIPAddresses",
            "sku": {
                "name": "Basic",
                "tier": "Regional"
            },
            "name": "[parameters('publicIPAddresses_javier_ip_name')]",
            "apiVersion": "2018-02-01",
            "location": "northeurope",
            "tags": {},
            "scale": null,
            "properties": {
                "provisioningState": "Succeeded",
                "resourceGuid": "c2ecaa87-e14e-4a85-8c87-f0108a366187",
                "ipAddress": "23.100.51.83",
                "publicIPAddressVersion": "IPv4",
                "publicIPAllocationMethod": "Dynamic",
                "idleTimeoutInMinutes": 4,
                "dnsSettings": {
                    "domainNameLabel": "ccgc02",
                    "fqdn": "ccgc02.northeurope.cloudapp.azure.com"
                },
                "ipTags": []
            },
            "dependsOn": []
        },
        {
            "comments": "Generalized from resource: '/subscriptions/0f1afb25-a35d-4cb9-919d-851908fc6f26/resourceGroups/grccgc02/providers/Microsoft.Network/virtualNetworks/grccgc02-vnet'.",
            "type": "Microsoft.Network/virtualNetworks",
            "name": "[parameters('virtualNetworks_grccgc02_vnet_name')]",
            "apiVersion": "2018-02-01",
            "location": "northeurope",
            "tags": {},
            "scale": null,
            "properties": {
                "provisioningState": "Succeeded",
                "resourceGuid": "5a341222-38b5-4da8-bdb0-6ad299cdc5d5",
                "addressSpace": {
                    "addressPrefixes": [
                        "10.0.2.0/24"
                    ]
                },
                "subnets": [
                    {
                        "name": "default",
                        "etag": "W/\"192fac4c-a145-4c85-ae26-404dcb2b4295\"",
                        "properties": {
                            "provisioningState": "Succeeded",
                            "addressPrefix": "10.0.2.0/24"
                        }
                    }
                ],
                "virtualNetworkPeerings": [],
                "enableDdosProtection": false,
                "enableVmProtection": false
            },
            "dependsOn": []
        },
        {
            "comments": "Generalized from resource: '/subscriptions/0f1afb25-a35d-4cb9-919d-851908fc6f26/resourceGroups/grccgc02/providers/Microsoft.Network/networkSecurityGroups/javier-nsg/securityRules/HTTP'.",
            "type": "Microsoft.Network/networkSecurityGroups/securityRules",
            "name": "[concat(parameters('networkSecurityGroups_javier_nsg_name'), '/', parameters('securityRules_HTTP_name'))]",
            "apiVersion": "2018-02-01",
            "scale": null,
            "properties": {
                "provisioningState": "Succeeded",
                "protocol": "TCP",
                "sourcePortRange": "*",
                "destinationPortRange": "80",
                "sourceAddressPrefix": "*",
                "destinationAddressPrefix": "*",
                "access": "Allow",
                "priority": 300,
                "direction": "Inbound",
                "sourcePortRanges": [],
                "destinationPortRanges": [],
                "sourceAddressPrefixes": [],
                "destinationAddressPrefixes": []
            },
            "dependsOn": [
                "[resourceId('Microsoft.Network/networkSecurityGroups', parameters('networkSecurityGroups_javier_nsg_name'))]"
            ]
        },
        {
            "comments": "Generalized from resource: '/subscriptions/0f1afb25-a35d-4cb9-919d-851908fc6f26/resourceGroups/grccgc02/providers/Microsoft.Network/networkSecurityGroups/javier-nsg/securityRules/SSH'.",
            "type": "Microsoft.Network/networkSecurityGroups/securityRules",
            "name": "[concat(parameters('networkSecurityGroups_javier_nsg_name'), '/', parameters('securityRules_SSH_name'))]",
            "apiVersion": "2018-02-01",
            "scale": null,
            "properties": {
                "provisioningState": "Succeeded",
                "protocol": "TCP",
                "sourcePortRange": "*",
                "destinationPortRange": "22",
                "sourceAddressPrefix": "*",
                "destinationAddressPrefix": "*",
                "access": "Allow",
                "priority": 320,
                "direction": "Inbound",
                "sourcePortRanges": [],
                "destinationPortRanges": [],
                "sourceAddressPrefixes": [],
                "destinationAddressPrefixes": []
            },
            "dependsOn": [
                "[resourceId('Microsoft.Network/networkSecurityGroups', parameters('networkSecurityGroups_javier_nsg_name'))]"
            ]
        },
        {
            "comments": "Generalized from resource: '/subscriptions/0f1afb25-a35d-4cb9-919d-851908fc6f26/resourceGroups/grccgc02/providers/Microsoft.Network/virtualNetworks/grccgc02-vnet/subnets/default'.",
            "type": "Microsoft.Network/virtualNetworks/subnets",
            "name": "[concat(parameters('virtualNetworks_grccgc02_vnet_name'), '/', parameters('subnets_default_name'))]",
            "apiVersion": "2018-02-01",
            "scale": null,
            "properties": {
                "provisioningState": "Succeeded",
                "addressPrefix": "10.0.2.0/24"
            },
            "dependsOn": [
                "[resourceId('Microsoft.Network/virtualNetworks', parameters('virtualNetworks_grccgc02_vnet_name'))]"
            ]
        }
    ]
}