{
    "$schema": "https://schema.management.azure.com/schemas/2015-01-01/deploymentParameters.json#",
    "contentVersion": "1.0.0.0",
    "parameters": {
        "virtualMachines_JAVIER2_name": {
            "value": null
        },
        "networkInterfaces_javier2661_name": {
            "value": null
        },
        "publicIPAddresses_JAVIER2_ip_name": {
            "value": null
        },
        "virtualMachines_mvJAVIERwebwind_name": {
            "value": null
        },
        "networkSecurityGroups_JAVIER2_nsg_name": {
            "value": null
        },
        "networkInterfaces_mvjavierwebwind191_name": {
            "value": null
        },
        "publicIPAddresses_mvJAVIERwebwind_ip_name": {
            "value": null
        },
        "networkInterfaces_mvjavier2webwind196_name": {
            "value": null
        },
        "publicIPAddresses_mvJAVIER2webwind_ip_name": {
            "value": null
        },
        "networkSecurityGroups_mvJAVIERwebwind_nsg_name": {
            "value": null
        },
        "networkSecurityGroups_mvJAVIER2webwind_nsg_name": {
            "value": null
        },
        "virtualNetworks_grJAVIERserv_web_wind_vnet_name": {
            "value": null
        },
        "virtualNetworks_grJAVIERserv_web_windvnet801_name": {
            "value": null
        },
        "securityRules_RDP_name": {
            "value": null
        },
        "securityRules_SSH_name": {
            "value": null
        },
        "securityRules_HTTP_name": {
            "value": null
        },
        "subnets_default_name": {
            "value": null
        },
        "securityRules_RDP_name_1": {
            "value": null
        },
        "securityRules_HTTP_name_1": {
            "value": null
        },
        "securityRules_RDP_name_2": {
            "value": null
        },
        "subnets_default_name_1": {
            "value": null
        },
        "securityRules_HTTP_name_2": {
            "value": null
        },
        "disks_mvJAVIER2webwind_OsDisk_1_3a17997665bb4b37b91f505745f313cb_name": {
            "value": null
        },
        "virtualMachines_mvJAVIERwebwind_id": {
            "value": null
        },
        "virtualMachines_JAVIER2_id": {
            "value": null
        }
    }
}