{
    "$schema": "https://schema.management.azure.com/schemas/2015-01-01/deploymentTemplate.json#",
    "contentVersion": "1.0.0.0",
    "parameters": {
        "virtualMachines_JAVIER2_name": {
            "defaultValue": "JAVIER2",
            "type": "String"
        },
        "networkInterfaces_javier2661_name": {
            "defaultValue": "javier2661",
            "type": "String"
        },
        "publicIPAddresses_JAVIER2_ip_name": {
            "defaultValue": "JAVIER2-ip",
            "type": "String"
        },
        "virtualMachines_mvJAVIERwebwind_name": {
            "defaultValue": "mvJAVIERwebwind",
            "type": "String"
        },
        "networkSecurityGroups_JAVIER2_nsg_name": {
            "defaultValue": "JAVIER2-nsg",
            "type": "String"
        },
        "networkInterfaces_mvjavierwebwind191_name": {
            "defaultValue": "mvjavierwebwind191",
            "type": "String"
        },
        "publicIPAddresses_mvJAVIERwebwind_ip_name": {
            "defaultValue": "mvJAVIERwebwind-ip",
            "type": "String"
        },
        "networkInterfaces_mvjavier2webwind196_name": {
            "defaultValue": "mvjavier2webwind196",
            "type": "String"
        },
        "publicIPAddresses_mvJAVIER2webwind_ip_name": {
            "defaultValue": "mvJAVIER2webwind-ip",
            "type": "String"
        },
        "networkSecurityGroups_mvJAVIERwebwind_nsg_name": {
            "defaultValue": "mvJAVIERwebwind-nsg",
            "type": "String"
        },
        "networkSecurityGroups_mvJAVIER2webwind_nsg_name": {
            "defaultValue": "mvJAVIER2webwind-nsg",
            "type": "String"
        },
        "virtualNetworks_grJAVIERserv_web_wind_vnet_name": {
            "defaultValue": "grJAVIERserv_web_wind-vnet",
            "type": "String"
        },
        "virtualNetworks_grJAVIERserv_web_windvnet801_name": {
            "defaultValue": "grJAVIERserv_web_windvnet801",
            "type": "String"
        },
        "securityRules_RDP_name": {
            "defaultValue": "RDP",
            "type": "String"
        },
        "securityRules_SSH_name": {
            "defaultValue": "SSH",
            "type": "String"
        },
        "securityRules_HTTP_name": {
            "defaultValue": "HTTP",
            "type": "String"
        },
        "subnets_default_name": {
            "defaultValue": "default",
            "type": "String"
        },
        "securityRules_RDP_name_1": {
            "defaultValue": "RDP",
            "type": "String"
        },
        "securityRules_HTTP_name_1": {
            "defaultValue": "HTTP",
            "type": "String"
        },
        "securityRules_RDP_name_2": {
            "defaultValue": "RDP",
            "type": "String"
        },
        "subnets_default_name_1": {
            "defaultValue": "default",
            "type": "String"
        },
        "securityRules_HTTP_name_2": {
            "defaultValue": "HTTP",
            "type": "String"
        },
        "disks_mvJAVIER2webwind_OsDisk_1_3a17997665bb4b37b91f505745f313cb_name": {
            "defaultValue": "mvJAVIER2webwind_OsDisk_1_3a17997665bb4b37b91f505745f313cb",
            "type": "String"
        },
        "virtualMachines_mvJAVIERwebwind_id": {
            "defaultValue": "/subscriptions/0f1afb25-a35d-4cb9-919d-851908fc6f26/resourceGroups/grJAVIERserv_web_wind/providers/Microsoft.Compute/disks/mvJAVIERwebwind_OsDisk_1_cef454248f0648cdbd98b0f6865f18e4",
            "type": "String"
        },
        "virtualMachines_JAVIER2_id": {
            "defaultValue": "/subscriptions/0f1afb25-a35d-4cb9-919d-851908fc6f26/resourceGroups/grJAVIERserv_web_wind/providers/Microsoft.Compute/disks/JAVIER2_OsDisk_1_bb7bf8f6c36a435895cf61d6382b7d55",
            "type": "String"
        }
    },
    "variables": {},
    "resources": [
        {
            "comments": "Generalized from resource: '/subscriptions/0f1afb25-a35d-4cb9-919d-851908fc6f26/resourceGroups/grJAVIERserv_web_wind/providers/Microsoft.Compute/disks/mvJAVIER2webwind_OsDisk_1_3a17997665bb4b37b91f505745f313cb'.",
            "type": "Microsoft.Compute/disks",
            "sku": {
                "name": "Standard_LRS",
                "tier": "Standard"
            },
            "name": "[parameters('disks_mvJAVIER2webwind_OsDisk_1_3a17997665bb4b37b91f505745f313cb_name')]",
            "apiVersion": "2018-04-01",
            "location": "westeurope",
            "tags": {},
            "scale": null,
            "properties": {
                "osType": "Linux",
                "creationData": {
                    "createOption": "FromImage",
                    "imageReference": {
                        "id": "/Subscriptions/0f1afb25-a35d-4cb9-919d-851908fc6f26/Providers/Microsoft.Compute/Locations/westeurope/Publishers/Canonical/ArtifactTypes/VMImage/Offers/UbuntuServer/Skus/18.04-LTS/Versions/18.04.201810030"
                    }
                },
                "diskSizeGB": 30
            },
            "dependsOn": []
        },
        {
            "comments": "Generalized from resource: '/subscriptions/0f1afb25-a35d-4cb9-919d-851908fc6f26/resourceGroups/grJAVIERserv_web_wind/providers/Microsoft.Compute/virtualMachines/mvJAVIERwebwind'.",
            "type": "Microsoft.Compute/virtualMachines",
            "name": "[parameters('virtualMachines_mvJAVIERwebwind_name')]",
            "apiVersion": "2017-12-01",
            "location": "northeurope",
            "tags": {},
            "scale": null,
            "properties": {
                "hardwareProfile": {
                    "vmSize": "Standard_D1"
                },
                "storageProfile": {
                    "imageReference": {
                        "publisher": "MicrosoftWindowsServer",
                        "offer": "WindowsServer",
                        "sku": "2016-Datacenter",
                        "version": "latest"
                    },
                    "osDisk": {
                        "osType": "Windows",
                        "name": "[concat(parameters('virtualMachines_mvJAVIERwebwind_name'),'_OsDisk_1_cef454248f0648cdbd98b0f6865f18e4')]",
                        "createOption": "FromImage",
                        "caching": "ReadWrite",
                        "managedDisk": {
                            "storageAccountType": "Standard_LRS",
                            "id": "[parameters('virtualMachines_mvJAVIERwebwind_id')]"
                        },
                        "diskSizeGB": 127
                    },
                    "dataDisks": []
                },
                "osProfile": {
                    "computerName": "[parameters('virtualMachines_mvJAVIERwebwind_name')]",
                    "adminUsername": "ccgc02",
                    "windowsConfiguration": {
                        "provisionVMAgent": true,
                        "enableAutomaticUpdates": true
                    },
                    "secrets": []
                },
                "networkProfile": {
                    "networkInterfaces": [
                        {
                            "id": "[resourceId('Microsoft.Network/networkInterfaces', parameters('networkInterfaces_mvjavierwebwind191_name'))]"
                        }
                    ]
                }
            },
            "dependsOn": [
                "[resourceId('Microsoft.Network/networkInterfaces', parameters('networkInterfaces_mvjavierwebwind191_name'))]"
            ]
        },
        {
            "comments": "Generalized from resource: '/subscriptions/0f1afb25-a35d-4cb9-919d-851908fc6f26/resourceGroups/grJAVIERserv_web_wind/providers/Microsoft.Compute/virtualMachines/JAVIER2'.",
            "type": "Microsoft.Compute/virtualMachines",
            "name": "[parameters('virtualMachines_JAVIER2_name')]",
            "apiVersion": "2017-12-01",
            "location": "westeurope",
            "tags": {},
            "scale": null,
            "properties": {
                "hardwareProfile": {
                    "vmSize": "Standard_DS1_v2"
                },
                "storageProfile": {
                    "imageReference": {
                        "publisher": "MicrosoftWindowsServer",
                        "offer": "WindowsServer",
                        "sku": "2016-Datacenter",
                        "version": "latest"
                    },
                    "osDisk": {
                        "osType": "Windows",
                        "name": "[concat(parameters('virtualMachines_JAVIER2_name'),'_OsDisk_1_bb7bf8f6c36a435895cf61d6382b7d55')]",
                        "createOption": "FromImage",
                        "caching": "ReadWrite",
                        "managedDisk": {
                            "storageAccountType": "Standard_LRS",
                            "id": "[parameters('virtualMachines_JAVIER2_id')]"
                        },
                        "diskSizeGB": 127
                    },
                    "dataDisks": []
                },
                "osProfile": {
                    "computerName": "[parameters('virtualMachines_JAVIER2_name')]",
                    "adminUsername": "ccgc02",
                    "windowsConfiguration": {
                        "provisionVMAgent": true,
                        "enableAutomaticUpdates": true
                    },
                    "secrets": []
                },
                "networkProfile": {
                    "networkInterfaces": [
                        {
                            "id": "[resourceId('Microsoft.Network/networkInterfaces', parameters('networkInterfaces_javier2661_name'))]"
                        }
                    ]
                }
            },
            "dependsOn": [
                "[resourceId('Microsoft.Network/networkInterfaces', parameters('networkInterfaces_javier2661_name'))]"
            ]
        },
        {
            "comments": "Generalized from resource: '/subscriptions/0f1afb25-a35d-4cb9-919d-851908fc6f26/resourceGroups/grJAVIERserv_web_wind/providers/Microsoft.Network/networkInterfaces/mvjavierwebwind191'.",
            "type": "Microsoft.Network/networkInterfaces",
            "name": "[parameters('networkInterfaces_mvjavierwebwind191_name')]",
            "apiVersion": "2018-02-01",
            "location": "northeurope",
            "tags": {},
            "scale": null,
            "properties": {
                "provisioningState": "Succeeded",
                "resourceGuid": "2a3abb16-df92-4990-9693-d814e76f4861",
                "ipConfigurations": [
                    {
                        "name": "ipconfig1",
                        "etag": "W/\"4038aa85-16c7-46b5-a7cb-848fe22dfd3b\"",
                        "properties": {
                            "provisioningState": "Succeeded",
                            "privateIPAddress": "10.0.0.4",
                            "privateIPAllocationMethod": "Dynamic",
                            "publicIPAddress": {
                                "id": "[resourceId('Microsoft.Network/publicIPAddresses', parameters('publicIPAddresses_mvJAVIERwebwind_ip_name'))]"
                            },
                            "subnet": {
                                "id": "[resourceId('Microsoft.Network/virtualNetworks/subnets', parameters('virtualNetworks_grJAVIERserv_web_wind_vnet_name'), parameters('subnets_default_name'))]"
                            },
                            "primary": true,
                            "privateIPAddressVersion": "IPv4"
                        }
                    }
                ],
                "dnsSettings": {
                    "dnsServers": [],
                    "appliedDnsServers": [],
                    "internalDomainNameSuffix": "wwj0lzov30vutcgvd5xbe5zhse.fx.internal.cloudapp.net"
                },
                "macAddress": "00-0D-3A-B4-08-6E",
                "enableAcceleratedNetworking": false,
                "enableIPForwarding": false,
                "networkSecurityGroup": {
                    "id": "[resourceId('Microsoft.Network/networkSecurityGroups', parameters('networkSecurityGroups_mvJAVIERwebwind_nsg_name'))]"
                },
                "primary": true
            },
            "dependsOn": [
                "[resourceId('Microsoft.Network/publicIPAddresses', parameters('publicIPAddresses_mvJAVIERwebwind_ip_name'))]",
                "[resourceId('Microsoft.Network/virtualNetworks/subnets', parameters('virtualNetworks_grJAVIERserv_web_wind_vnet_name'), parameters('subnets_default_name'))]",
                "[resourceId('Microsoft.Network/networkSecurityGroups', parameters('networkSecurityGroups_mvJAVIERwebwind_nsg_name'))]"
            ]
        },
        {
            "comments": "Generalized from resource: '/subscriptions/0f1afb25-a35d-4cb9-919d-851908fc6f26/resourceGroups/grJAVIERserv_web_wind/providers/Microsoft.Network/networkInterfaces/javier2661'.",
            "type": "Microsoft.Network/networkInterfaces",
            "name": "[parameters('networkInterfaces_javier2661_name')]",
            "apiVersion": "2018-02-01",
            "location": "westeurope",
            "tags": {},
            "scale": null,
            "properties": {
                "provisioningState": "Succeeded",
                "resourceGuid": "72261360-d496-4c1d-8afc-2b810cf91767",
                "ipConfigurations": [
                    {
                        "name": "ipconfig1",
                        "etag": "W/\"fa6cb171-5208-4e77-ad78-da825ff3f4a9\"",
                        "properties": {
                            "provisioningState": "Succeeded",
                            "privateIPAddress": "10.0.5.5",
                            "privateIPAllocationMethod": "Dynamic",
                            "publicIPAddress": {
                                "id": "[resourceId('Microsoft.Network/publicIPAddresses', parameters('publicIPAddresses_JAVIER2_ip_name'))]"
                            },
                            "subnet": {
                                "id": "[resourceId('Microsoft.Network/virtualNetworks/subnets', parameters('virtualNetworks_grJAVIERserv_web_windvnet801_name'), parameters('subnets_default_name_1'))]"
                            },
                            "primary": true,
                            "privateIPAddressVersion": "IPv4"
                        }
                    }
                ],
                "dnsSettings": {
                    "dnsServers": [],
                    "appliedDnsServers": [],
                    "internalDomainNameSuffix": "cxz2vmngqgrenpuvdoya00j2dd.ax.internal.cloudapp.net"
                },
                "macAddress": "00-0D-3A-45-2E-B9",
                "enableAcceleratedNetworking": false,
                "enableIPForwarding": false,
                "networkSecurityGroup": {
                    "id": "[resourceId('Microsoft.Network/networkSecurityGroups', parameters('networkSecurityGroups_JAVIER2_nsg_name'))]"
                },
                "primary": true
            },
            "dependsOn": [
                "[resourceId('Microsoft.Network/publicIPAddresses', parameters('publicIPAddresses_JAVIER2_ip_name'))]",
                "[resourceId('Microsoft.Network/virtualNetworks/subnets', parameters('virtualNetworks_grJAVIERserv_web_windvnet801_name'), parameters('subnets_default_name_1'))]",
                "[resourceId('Microsoft.Network/networkSecurityGroups', parameters('networkSecurityGroups_JAVIER2_nsg_name'))]"
            ]
        },
        {
            "comments": "Generalized from resource: '/subscriptions/0f1afb25-a35d-4cb9-919d-851908fc6f26/resourceGroups/grJAVIERserv_web_wind/providers/Microsoft.Network/networkInterfaces/mvjavier2webwind196'.",
            "type": "Microsoft.Network/networkInterfaces",
            "name": "[parameters('networkInterfaces_mvjavier2webwind196_name')]",
            "apiVersion": "2018-02-01",
            "location": "westeurope",
            "tags": {},
            "scale": null,
            "properties": {
                "provisioningState": "Succeeded",
                "resourceGuid": "25b81737-c463-48ff-b9ae-b1b597912309",
                "ipConfigurations": [
                    {
                        "name": "ipconfig1",
                        "etag": "W/\"108716cb-ca25-4fcc-86ea-a0f6e8469447\"",
                        "properties": {
                            "provisioningState": "Succeeded",
                            "privateIPAddress": "10.0.5.4",
                            "privateIPAllocationMethod": "Dynamic",
                            "publicIPAddress": {
                                "id": "[resourceId('Microsoft.Network/publicIPAddresses', parameters('publicIPAddresses_mvJAVIER2webwind_ip_name'))]"
                            },
                            "subnet": {
                                "id": "[resourceId('Microsoft.Network/virtualNetworks/subnets', parameters('virtualNetworks_grJAVIERserv_web_windvnet801_name'), parameters('subnets_default_name_1'))]"
                            },
                            "primary": true,
                            "privateIPAddressVersion": "IPv4"
                        }
                    }
                ],
                "dnsSettings": {
                    "dnsServers": [],
                    "appliedDnsServers": []
                },
                "macAddress": "00-0D-3A-45-6F-6C",
                "enableAcceleratedNetworking": false,
                "enableIPForwarding": false,
                "networkSecurityGroup": {
                    "id": "[resourceId('Microsoft.Network/networkSecurityGroups', parameters('networkSecurityGroups_mvJAVIER2webwind_nsg_name'))]"
                }
            },
            "dependsOn": [
                "[resourceId('Microsoft.Network/publicIPAddresses', parameters('publicIPAddresses_mvJAVIER2webwind_ip_name'))]",
                "[resourceId('Microsoft.Network/virtualNetworks/subnets', parameters('virtualNetworks_grJAVIERserv_web_windvnet801_name'), parameters('subnets_default_name_1'))]",
                "[resourceId('Microsoft.Network/networkSecurityGroups', parameters('networkSecurityGroups_mvJAVIER2webwind_nsg_name'))]"
            ]
        },
        {
            "comments": "Generalized from resource: '/subscriptions/0f1afb25-a35d-4cb9-919d-851908fc6f26/resourceGroups/grJAVIERserv_web_wind/providers/Microsoft.Network/networkSecurityGroups/mvJAVIERwebwind-nsg'.",
            "type": "Microsoft.Network/networkSecurityGroups",
            "name": "[parameters('networkSecurityGroups_mvJAVIERwebwind_nsg_name')]",
            "apiVersion": "2018-02-01",
            "location": "northeurope",
            "tags": {},
            "scale": null,
            "properties": {
                "provisioningState": "Succeeded",
                "resourceGuid": "18110b74-c0af-4cd1-b7ca-e910a86ff6c7",
                "securityRules": [
                    {
                        "name": "HTTP",
                        "etag": "W/\"7c57ba1f-5dac-439f-8be4-a0c94fb8e36e\"",
                        "properties": {
                            "provisioningState": "Succeeded",
                            "protocol": "TCP",
                            "sourcePortRange": "*",
                            "destinationPortRange": "80",
                            "sourceAddressPrefix": "*",
                            "destinationAddressPrefix": "*",
                            "access": "Allow",
                            "priority": 300,
                            "direction": "Inbound",
                            "sourcePortRanges": [],
                            "destinationPortRanges": [],
                            "sourceAddressPrefixes": [],
                            "destinationAddressPrefixes": []
                        }
                    },
                    {
                        "name": "RDP",
                        "etag": "W/\"7c57ba1f-5dac-439f-8be4-a0c94fb8e36e\"",
                        "properties": {
                            "provisioningState": "Succeeded",
                            "protocol": "TCP",
                            "sourcePortRange": "*",
                            "destinationPortRange": "3389",
                            "sourceAddressPrefix": "*",
                            "destinationAddressPrefix": "*",
                            "access": "Allow",
                            "priority": 320,
                            "direction": "Inbound",
                            "sourcePortRanges": [],
                            "destinationPortRanges": [],
                            "sourceAddressPrefixes": [],
                            "destinationAddressPrefixes": []
                        }
                    }
                ],
                "defaultSecurityRules": [
                    {
                        "name": "AllowVnetInBound",
                        "etag": "W/\"7c57ba1f-5dac-439f-8be4-a0c94fb8e36e\"",
                        "properties": {
                            "provisioningState": "Succeeded",
                            "description": "Allow inbound traffic from all VMs in VNET",
                            "protocol": "*",
                            "sourcePortRange": "*",
                            "destinationPortRange": "*",
                            "sourceAddressPrefix": "VirtualNetwork",
                            "destinationAddressPrefix": "VirtualNetwork",
                            "access": "Allow",
                            "priority": 65000,
                            "direction": "Inbound",
                            "sourcePortRanges": [],
                            "destinationPortRanges": [],
                            "sourceAddressPrefixes": [],
                            "destinationAddressPrefixes": []
                        }
                    },
                    {
                        "name": "AllowAzureLoadBalancerInBound",
                        "etag": "W/\"7c57ba1f-5dac-439f-8be4-a0c94fb8e36e\"",
                        "properties": {
                            "provisioningState": "Succeeded",
                            "description": "Allow inbound traffic from azure load balancer",
                            "protocol": "*",
                            "sourcePortRange": "*",
                            "destinationPortRange": "*",
                            "sourceAddressPrefix": "AzureLoadBalancer",
                            "destinationAddressPrefix": "*",
                            "access": "Allow",
                            "priority": 65001,
                            "direction": "Inbound",
                            "sourcePortRanges": [],
                            "destinationPortRanges": [],
                            "sourceAddressPrefixes": [],
                            "destinationAddressPrefixes": []
                        }
                    },
                    {
                        "name": "DenyAllInBound",
                        "etag": "W/\"7c57ba1f-5dac-439f-8be4-a0c94fb8e36e\"",
                        "properties": {
                            "provisioningState": "Succeeded",
                            "description": "Deny all inbound traffic",
                            "protocol": "*",
                            "sourcePortRange": "*",
                            "destinationPortRange": "*",
                            "sourceAddressPrefix": "*",
                            "destinationAddressPrefix": "*",
                            "access": "Deny",
                            "priority": 65500,
                            "direction": "Inbound",
                            "sourcePortRanges": [],
                            "destinationPortRanges": [],
                            "sourceAddressPrefixes": [],
                            "destinationAddressPrefixes": []
                        }
                    },
                    {
                        "name": "AllowVnetOutBound",
                        "etag": "W/\"7c57ba1f-5dac-439f-8be4-a0c94fb8e36e\"",
                        "properties": {
                            "provisioningState": "Succeeded",
                            "description": "Allow outbound traffic from all VMs to all VMs in VNET",
                            "protocol": "*",
                            "sourcePortRange": "*",
                            "destinationPortRange": "*",
                            "sourceAddressPrefix": "VirtualNetwork",
                            "destinationAddressPrefix": "VirtualNetwork",
                            "access": "Allow",
                            "priority": 65000,
                            "direction": "Outbound",
                            "sourcePortRanges": [],
                            "destinationPortRanges": [],
                            "sourceAddressPrefixes": [],
                            "destinationAddressPrefixes": []
                        }
                    },
                    {
                        "name": "AllowInternetOutBound",
                        "etag": "W/\"7c57ba1f-5dac-439f-8be4-a0c94fb8e36e\"",
                        "properties": {
                            "provisioningState": "Succeeded",
                            "description": "Allow outbound traffic from all VMs to Internet",
                            "protocol": "*",
                            "sourcePortRange": "*",
                            "destinationPortRange": "*",
                            "sourceAddressPrefix": "*",
                            "destinationAddressPrefix": "Internet",
                            "access": "Allow",
                            "priority": 65001,
                            "direction": "Outbound",
                            "sourcePortRanges": [],
                            "destinationPortRanges": [],
                            "sourceAddressPrefixes": [],
                            "destinationAddressPrefixes": []
                        }
                    },
                    {
                        "name": "DenyAllOutBound",
                        "etag": "W/\"7c57ba1f-5dac-439f-8be4-a0c94fb8e36e\"",
                        "properties": {
                            "provisioningState": "Succeeded",
                            "description": "Deny all outbound traffic",
                            "protocol": "*",
                            "sourcePortRange": "*",
                            "destinationPortRange": "*",
                            "sourceAddressPrefix": "*",
                            "destinationAddressPrefix": "*",
                            "access": "Deny",
                            "priority": 65500,
                            "direction": "Outbound",
                            "sourcePortRanges": [],
                            "destinationPortRanges": [],
                            "sourceAddressPrefixes": [],
                            "destinationAddressPrefixes": []
                        }
                    }
                ]
            },
            "dependsOn": []
        },
        {
            "comments": "Generalized from resource: '/subscriptions/0f1afb25-a35d-4cb9-919d-851908fc6f26/resourceGroups/grJAVIERserv_web_wind/providers/Microsoft.Network/networkSecurityGroups/JAVIER2-nsg'.",
            "type": "Microsoft.Network/networkSecurityGroups",
            "name": "[parameters('networkSecurityGroups_JAVIER2_nsg_name')]",
            "apiVersion": "2018-02-01",
            "location": "westeurope",
            "tags": {},
            "scale": null,
            "properties": {
                "provisioningState": "Succeeded",
                "resourceGuid": "7791c84b-5cb7-458b-8575-13e4f96fa15f",
                "securityRules": [
                    {
                        "name": "HTTP",
                        "etag": "W/\"04cc3306-d75e-4510-b724-a51578214f31\"",
                        "properties": {
                            "provisioningState": "Succeeded",
                            "protocol": "TCP",
                            "sourcePortRange": "*",
                            "destinationPortRange": "80",
                            "sourceAddressPrefix": "*",
                            "destinationAddressPrefix": "*",
                            "access": "Allow",
                            "priority": 300,
                            "direction": "Inbound",
                            "sourcePortRanges": [],
                            "destinationPortRanges": [],
                            "sourceAddressPrefixes": [],
                            "destinationAddressPrefixes": []
                        }
                    },
                    {
                        "name": "RDP",
                        "etag": "W/\"04cc3306-d75e-4510-b724-a51578214f31\"",
                        "properties": {
                            "provisioningState": "Succeeded",
                            "protocol": "TCP",
                            "sourcePortRange": "*",
                            "destinationPortRange": "3389",
                            "sourceAddressPrefix": "*",
                            "destinationAddressPrefix": "*",
                            "access": "Allow",
                            "priority": 320,
                            "direction": "Inbound",
                            "sourcePortRanges": [],
                            "destinationPortRanges": [],
                            "sourceAddressPrefixes": [],
                            "destinationAddressPrefixes": []
                        }
                    },
                    {
                        "name": "SSH",
                        "etag": "W/\"04cc3306-d75e-4510-b724-a51578214f31\"",
                        "properties": {
                            "provisioningState": "Succeeded",
                            "protocol": "TCP",
                            "sourcePortRange": "*",
                            "destinationPortRange": "22",
                            "sourceAddressPrefix": "*",
                            "destinationAddressPrefix": "*",
                            "access": "Allow",
                            "priority": 340,
                            "direction": "Inbound",
                            "sourcePortRanges": [],
                            "destinationPortRanges": [],
                            "sourceAddressPrefixes": [],
                            "destinationAddressPrefixes": []
                        }
                    }
                ],
                "defaultSecurityRules": [
                    {
                        "name": "AllowVnetInBound",
                        "etag": "W/\"04cc3306-d75e-4510-b724-a51578214f31\"",
                        "properties": {
                            "provisioningState": "Succeeded",
                            "description": "Allow inbound traffic from all VMs in VNET",
                            "protocol": "*",
                            "sourcePortRange": "*",
                            "destinationPortRange": "*",
                            "sourceAddressPrefix": "VirtualNetwork",
                            "destinationAddressPrefix": "VirtualNetwork",
                            "access": "Allow",
                            "priority": 65000,
                            "direction": "Inbound",
                            "sourcePortRanges": [],
                            "destinationPortRanges": [],
                            "sourceAddressPrefixes": [],
                            "destinationAddressPrefixes": []
                        }
                    },
                    {
                        "name": "AllowAzureLoadBalancerInBound",
                        "etag": "W/\"04cc3306-d75e-4510-b724-a51578214f31\"",
                        "properties": {
                            "provisioningState": "Succeeded",
                            "description": "Allow inbound traffic from azure load balancer",
                            "protocol": "*",
                            "sourcePortRange": "*",
                            "destinationPortRange": "*",
                            "sourceAddressPrefix": "AzureLoadBalancer",
                            "destinationAddressPrefix": "*",
                            "access": "Allow",
                            "priority": 65001,
                            "direction": "Inbound",
                            "sourcePortRanges": [],
                            "destinationPortRanges": [],
                            "sourceAddressPrefixes": [],
                            "destinationAddressPrefixes": []
                        }
                    },
                    {
                        "name": "DenyAllInBound",
                        "etag": "W/\"04cc3306-d75e-4510-b724-a51578214f31\"",
                        "properties": {
                            "provisioningState": "Succeeded",
                            "description": "Deny all inbound traffic",
                            "protocol": "*",
                            "sourcePortRange": "*",
                            "destinationPortRange": "*",
                            "sourceAddressPrefix": "*",
                            "destinationAddressPrefix": "*",
                            "access": "Deny",
                            "priority": 65500,
                            "direction": "Inbound",
                            "sourcePortRanges": [],
                            "destinationPortRanges": [],
                            "sourceAddressPrefixes": [],
                            "destinationAddressPrefixes": []
                        }
                    },
                    {
                        "name": "AllowVnetOutBound",
                        "etag": "W/\"04cc3306-d75e-4510-b724-a51578214f31\"",
                        "properties": {
                            "provisioningState": "Succeeded",
                            "description": "Allow outbound traffic from all VMs to all VMs in VNET",
                            "protocol": "*",
                            "sourcePortRange": "*",
                            "destinationPortRange": "*",
                            "sourceAddressPrefix": "VirtualNetwork",
                            "destinationAddressPrefix": "VirtualNetwork",
                            "access": "Allow",
                            "priority": 65000,
                            "direction": "Outbound",
                            "sourcePortRanges": [],
                            "destinationPortRanges": [],
                            "sourceAddressPrefixes": [],
                            "destinationAddressPrefixes": []
                        }
                    },
                    {
                        "name": "AllowInternetOutBound",
                        "etag": "W/\"04cc3306-d75e-4510-b724-a51578214f31\"",
                        "properties": {
                            "provisioningState": "Succeeded",
                            "description": "Allow outbound traffic from all VMs to Internet",
                            "protocol": "*",
                            "sourcePortRange": "*",
                            "destinationPortRange": "*",
                            "sourceAddressPrefix": "*",
                            "destinationAddressPrefix": "Internet",
                            "access": "Allow",
                            "priority": 65001,
                            "direction": "Outbound",
                            "sourcePortRanges": [],
                            "destinationPortRanges": [],
                            "sourceAddressPrefixes": [],
                            "destinationAddressPrefixes": []
                        }
                    },
                    {
                        "name": "DenyAllOutBound",
                        "etag": "W/\"04cc3306-d75e-4510-b724-a51578214f31\"",
                        "properties": {
                            "provisioningState": "Succeeded",
                            "description": "Deny all outbound traffic",
                            "protocol": "*",
                            "sourcePortRange": "*",
                            "destinationPortRange": "*",
                            "sourceAddressPrefix": "*",
                            "destinationAddressPrefix": "*",
                            "access": "Deny",
                            "priority": 65500,
                            "direction": "Outbound",
                            "sourcePortRanges": [],
                            "destinationPortRanges": [],
                            "sourceAddressPrefixes": [],
                            "destinationAddressPrefixes": []
                        }
                    }
                ]
            },
            "dependsOn": []
        },
        {
            "comments": "Generalized from resource: '/subscriptions/0f1afb25-a35d-4cb9-919d-851908fc6f26/resourceGroups/grJAVIERserv_web_wind/providers/Microsoft.Network/networkSecurityGroups/mvJAVIER2webwind-nsg'.",
            "type": "Microsoft.Network/networkSecurityGroups",
            "name": "[parameters('networkSecurityGroups_mvJAVIER2webwind_nsg_name')]",
            "apiVersion": "2018-02-01",
            "location": "westeurope",
            "tags": {},
            "scale": null,
            "properties": {
                "provisioningState": "Succeeded",
                "resourceGuid": "17bd6473-ae00-49bb-ae40-79dc44aa5299",
                "securityRules": [
                    {
                        "name": "HTTP",
                        "etag": "W/\"ffa0bead-1fd3-42b3-9b90-bccd11918592\"",
                        "properties": {
                            "provisioningState": "Succeeded",
                            "protocol": "TCP",
                            "sourcePortRange": "*",
                            "destinationPortRange": "80",
                            "sourceAddressPrefix": "*",
                            "destinationAddressPrefix": "*",
                            "access": "Allow",
                            "priority": 300,
                            "direction": "Inbound",
                            "sourcePortRanges": [],
                            "destinationPortRanges": [],
                            "sourceAddressPrefixes": [],
                            "destinationAddressPrefixes": []
                        }
                    },
                    {
                        "name": "RDP",
                        "etag": "W/\"ffa0bead-1fd3-42b3-9b90-bccd11918592\"",
                        "properties": {
                            "provisioningState": "Succeeded",
                            "protocol": "TCP",
                            "sourcePortRange": "*",
                            "destinationPortRange": "3389",
                            "sourceAddressPrefix": "*",
                            "destinationAddressPrefix": "*",
                            "access": "Allow",
                            "priority": 320,
                            "direction": "Inbound",
                            "sourcePortRanges": [],
                            "destinationPortRanges": [],
                            "sourceAddressPrefixes": [],
                            "destinationAddressPrefixes": []
                        }
                    }
                ],
                "defaultSecurityRules": [
                    {
                        "name": "AllowVnetInBound",
                        "etag": "W/\"ffa0bead-1fd3-42b3-9b90-bccd11918592\"",
                        "properties": {
                            "provisioningState": "Succeeded",
                            "description": "Allow inbound traffic from all VMs in VNET",
                            "protocol": "*",
                            "sourcePortRange": "*",
                            "destinationPortRange": "*",
                            "sourceAddressPrefix": "VirtualNetwork",
                            "destinationAddressPrefix": "VirtualNetwork",
                            "access": "Allow",
                            "priority": 65000,
                            "direction": "Inbound",
                            "sourcePortRanges": [],
                            "destinationPortRanges": [],
                            "sourceAddressPrefixes": [],
                            "destinationAddressPrefixes": []
                        }
                    },
                    {
                        "name": "AllowAzureLoadBalancerInBound",
                        "etag": "W/\"ffa0bead-1fd3-42b3-9b90-bccd11918592\"",
                        "properties": {
                            "provisioningState": "Succeeded",
                            "description": "Allow inbound traffic from azure load balancer",
                            "protocol": "*",
                            "sourcePortRange": "*",
                            "destinationPortRange": "*",
                            "sourceAddressPrefix": "AzureLoadBalancer",
                            "destinationAddressPrefix": "*",
                            "access": "Allow",
                            "priority": 65001,
                            "direction": "Inbound",
                            "sourcePortRanges": [],
                            "destinationPortRanges": [],
                            "sourceAddressPrefixes": [],
                            "destinationAddressPrefixes": []
                        }
                    },
                    {
                        "name": "DenyAllInBound",
                        "etag": "W/\"ffa0bead-1fd3-42b3-9b90-bccd11918592\"",
                        "properties": {
                            "provisioningState": "Succeeded",
                            "description": "Deny all inbound traffic",
                            "protocol": "*",
                            "sourcePortRange": "*",
                            "destinationPortRange": "*",
                            "sourceAddressPrefix": "*",
                            "destinationAddressPrefix": "*",
                            "access": "Deny",
                            "priority": 65500,
                            "direction": "Inbound",
                            "sourcePortRanges": [],
                            "destinationPortRanges": [],
                            "sourceAddressPrefixes": [],
                            "destinationAddressPrefixes": []
                        }
                    },
                    {
                        "name": "AllowVnetOutBound",
                        "etag": "W/\"ffa0bead-1fd3-42b3-9b90-bccd11918592\"",
                        "properties": {
                            "provisioningState": "Succeeded",
                            "description": "Allow outbound traffic from all VMs to all VMs in VNET",
                            "protocol": "*",
                            "sourcePortRange": "*",
                            "destinationPortRange": "*",
                            "sourceAddressPrefix": "VirtualNetwork",
                            "destinationAddressPrefix": "VirtualNetwork",
                            "access": "Allow",
                            "priority": 65000,
                            "direction": "Outbound",
                            "sourcePortRanges": [],
                            "destinationPortRanges": [],
                            "sourceAddressPrefixes": [],
                            "destinationAddressPrefixes": []
                        }
                    },
                    {
                        "name": "AllowInternetOutBound",
                        "etag": "W/\"ffa0bead-1fd3-42b3-9b90-bccd11918592\"",
                        "properties": {
                            "provisioningState": "Succeeded",
                            "description": "Allow outbound traffic from all VMs to Internet",
                            "protocol": "*",
                            "sourcePortRange": "*",
                            "destinationPortRange": "*",
                            "sourceAddressPrefix": "*",
                            "destinationAddressPrefix": "Internet",
                            "access": "Allow",
                            "priority": 65001,
                            "direction": "Outbound",
                            "sourcePortRanges": [],
                            "destinationPortRanges": [],
                            "sourceAddressPrefixes": [],
                            "destinationAddressPrefixes": []
                        }
                    },
                    {
                        "name": "DenyAllOutBound",
                        "etag": "W/\"ffa0bead-1fd3-42b3-9b90-bccd11918592\"",
                        "properties": {
                            "provisioningState": "Succeeded",
                            "description": "Deny all outbound traffic",
                            "protocol": "*",
                            "sourcePortRange": "*",
                            "destinationPortRange": "*",
                            "sourceAddressPrefix": "*",
                            "destinationAddressPrefix": "*",
                            "access": "Deny",
                            "priority": 65500,
                            "direction": "Outbound",
                            "sourcePortRanges": [],
                            "destinationPortRanges": [],
                            "sourceAddressPrefixes": [],
                            "destinationAddressPrefixes": []
                        }
                    }
                ]
            },
            "dependsOn": []
        },
        {
            "comments": "Generalized from resource: '/subscriptions/0f1afb25-a35d-4cb9-919d-851908fc6f26/resourceGroups/grJAVIERserv_web_wind/providers/Microsoft.Network/publicIPAddresses/mvJAVIERwebwind-ip'.",
            "type": "Microsoft.Network/publicIPAddresses",
            "sku": {
                "name": "Basic",
                "tier": "Regional"
            },
            "name": "[parameters('publicIPAddresses_mvJAVIERwebwind_ip_name')]",
            "apiVersion": "2018-02-01",
            "location": "northeurope",
            "tags": {},
            "scale": null,
            "properties": {
                "provisioningState": "Succeeded",
                "resourceGuid": "5c9dd8f3-85ba-47e7-98f9-b1edfb9fd538",
                "ipAddress": "52.236.87.146",
                "publicIPAddressVersion": "IPv4",
                "publicIPAllocationMethod": "Dynamic",
                "idleTimeoutInMinutes": 4,
                "dnsSettings": {
                    "domainNameLabel": "ccgc02",
                    "fqdn": "ccgc02.northeurope.cloudapp.azure.com"
                },
                "ipTags": []
            },
            "dependsOn": []
        },
        {
            "comments": "Generalized from resource: '/subscriptions/0f1afb25-a35d-4cb9-919d-851908fc6f26/resourceGroups/grJAVIERserv_web_wind/providers/Microsoft.Network/publicIPAddresses/JAVIER2-ip'.",
            "type": "Microsoft.Network/publicIPAddresses",
            "sku": {
                "name": "Basic",
                "tier": "Regional"
            },
            "name": "[parameters('publicIPAddresses_JAVIER2_ip_name')]",
            "apiVersion": "2018-02-01",
            "location": "westeurope",
            "tags": {},
            "scale": null,
            "properties": {
                "provisioningState": "Succeeded",
                "resourceGuid": "60e7e0c1-137a-4ddc-9375-ee537f47c6f6",
                "ipAddress": "13.80.255.191",
                "publicIPAddressVersion": "IPv4",
                "publicIPAllocationMethod": "Dynamic",
                "idleTimeoutInMinutes": 4,
                "ipTags": []
            },
            "dependsOn": []
        },
        {
            "comments": "Generalized from resource: '/subscriptions/0f1afb25-a35d-4cb9-919d-851908fc6f26/resourceGroups/grJAVIERserv_web_wind/providers/Microsoft.Network/publicIPAddresses/mvJAVIER2webwind-ip'.",
            "type": "Microsoft.Network/publicIPAddresses",
            "sku": {
                "name": "Basic",
                "tier": "Regional"
            },
            "name": "[parameters('publicIPAddresses_mvJAVIER2webwind_ip_name')]",
            "apiVersion": "2018-02-01",
            "location": "westeurope",
            "tags": {},
            "scale": null,
            "properties": {
                "provisioningState": "Succeeded",
                "resourceGuid": "efc3a73e-52e0-403b-afcd-65c2bae22d16",
                "publicIPAddressVersion": "IPv4",
                "publicIPAllocationMethod": "Dynamic",
                "idleTimeoutInMinutes": 4,
                "ipTags": []
            },
            "dependsOn": []
        },
        {
            "comments": "Generalized from resource: '/subscriptions/0f1afb25-a35d-4cb9-919d-851908fc6f26/resourceGroups/grJAVIERserv_web_wind/providers/Microsoft.Network/virtualNetworks/grJAVIERserv_web_wind-vnet'.",
            "type": "Microsoft.Network/virtualNetworks",
            "name": "[parameters('virtualNetworks_grJAVIERserv_web_wind_vnet_name')]",
            "apiVersion": "2018-02-01",
            "location": "northeurope",
            "tags": {},
            "scale": null,
            "properties": {
                "provisioningState": "Succeeded",
                "resourceGuid": "e5a593b5-eed5-49ab-88d5-1fee127f2794",
                "addressSpace": {
                    "addressPrefixes": [
                        "10.0.0.0/24"
                    ]
                },
                "subnets": [
                    {
                        "name": "default",
                        "etag": "W/\"d1dae033-fa01-43ee-9af3-82db1173ab28\"",
                        "properties": {
                            "provisioningState": "Succeeded",
                            "addressPrefix": "10.0.0.0/24"
                        }
                    }
                ],
                "virtualNetworkPeerings": [],
                "enableDdosProtection": false,
                "enableVmProtection": false
            },
            "dependsOn": []
        },
        {
            "comments": "Generalized from resource: '/subscriptions/0f1afb25-a35d-4cb9-919d-851908fc6f26/resourceGroups/grJAVIERserv_web_wind/providers/Microsoft.Network/virtualNetworks/grJAVIERserv_web_windvnet801'.",
            "type": "Microsoft.Network/virtualNetworks",
            "name": "[parameters('virtualNetworks_grJAVIERserv_web_windvnet801_name')]",
            "apiVersion": "2018-02-01",
            "location": "westeurope",
            "tags": {},
            "scale": null,
            "properties": {
                "provisioningState": "Succeeded",
                "resourceGuid": "b1caf315-81a6-46a2-be95-1bb00d693c1b",
                "addressSpace": {
                    "addressPrefixes": [
                        "10.0.5.0/24"
                    ]
                },
                "subnets": [
                    {
                        "name": "default",
                        "etag": "W/\"bbe5247c-5942-49ba-862c-c349fba17b82\"",
                        "properties": {
                            "provisioningState": "Succeeded",
                            "addressPrefix": "10.0.5.0/24"
                        }
                    }
                ],
                "virtualNetworkPeerings": [],
                "enableDdosProtection": false,
                "enableVmProtection": false
            },
            "dependsOn": []
        },
        {
            "comments": "Generalized from resource: '/subscriptions/0f1afb25-a35d-4cb9-919d-851908fc6f26/resourceGroups/grJAVIERserv_web_wind/providers/Microsoft.Network/networkSecurityGroups/mvJAVIERwebwind-nsg/securityRules/HTTP'.",
            "type": "Microsoft.Network/networkSecurityGroups/securityRules",
            "name": "[concat(parameters('networkSecurityGroups_mvJAVIERwebwind_nsg_name'), '/', parameters('securityRules_HTTP_name_1'))]",
            "apiVersion": "2018-02-01",
            "scale": null,
            "properties": {
                "provisioningState": "Succeeded",
                "protocol": "TCP",
                "sourcePortRange": "*",
                "destinationPortRange": "80",
                "sourceAddressPrefix": "*",
                "destinationAddressPrefix": "*",
                "access": "Allow",
                "priority": 300,
                "direction": "Inbound",
                "sourcePortRanges": [],
                "destinationPortRanges": [],
                "sourceAddressPrefixes": [],
                "destinationAddressPrefixes": []
            },
            "dependsOn": [
                "[resourceId('Microsoft.Network/networkSecurityGroups', parameters('networkSecurityGroups_mvJAVIERwebwind_nsg_name'))]"
            ]
        },
        {
            "comments": "Generalized from resource: '/subscriptions/0f1afb25-a35d-4cb9-919d-851908fc6f26/resourceGroups/grJAVIERserv_web_wind/providers/Microsoft.Network/networkSecurityGroups/mvJAVIERwebwind-nsg/securityRules/RDP'.",
            "type": "Microsoft.Network/networkSecurityGroups/securityRules",
            "name": "[concat(parameters('networkSecurityGroups_mvJAVIERwebwind_nsg_name'), '/', parameters('securityRules_RDP_name_1'))]",
            "apiVersion": "2018-02-01",
            "scale": null,
            "properties": {
                "provisioningState": "Succeeded",
                "protocol": "TCP",
                "sourcePortRange": "*",
                "destinationPortRange": "3389",
                "sourceAddressPrefix": "*",
                "destinationAddressPrefix": "*",
                "access": "Allow",
                "priority": 320,
                "direction": "Inbound",
                "sourcePortRanges": [],
                "destinationPortRanges": [],
                "sourceAddressPrefixes": [],
                "destinationAddressPrefixes": []
            },
            "dependsOn": [
                "[resourceId('Microsoft.Network/networkSecurityGroups', parameters('networkSecurityGroups_mvJAVIERwebwind_nsg_name'))]"
            ]
        },
        {
            "comments": "Generalized from resource: '/subscriptions/0f1afb25-a35d-4cb9-919d-851908fc6f26/resourceGroups/grJAVIERserv_web_wind/providers/Microsoft.Network/networkSecurityGroups/JAVIER2-nsg/securityRules/HTTP'.",
            "type": "Microsoft.Network/networkSecurityGroups/securityRules",
            "name": "[concat(parameters('networkSecurityGroups_JAVIER2_nsg_name'), '/', parameters('securityRules_HTTP_name'))]",
            "apiVersion": "2018-02-01",
            "scale": null,
            "properties": {
                "provisioningState": "Succeeded",
                "protocol": "TCP",
                "sourcePortRange": "*",
                "destinationPortRange": "80",
                "sourceAddressPrefix": "*",
                "destinationAddressPrefix": "*",
                "access": "Allow",
                "priority": 300,
                "direction": "Inbound",
                "sourcePortRanges": [],
                "destinationPortRanges": [],
                "sourceAddressPrefixes": [],
                "destinationAddressPrefixes": []
            },
            "dependsOn": [
                "[resourceId('Microsoft.Network/networkSecurityGroups', parameters('networkSecurityGroups_JAVIER2_nsg_name'))]"
            ]
        },
        {
            "comments": "Generalized from resource: '/subscriptions/0f1afb25-a35d-4cb9-919d-851908fc6f26/resourceGroups/grJAVIERserv_web_wind/providers/Microsoft.Network/networkSecurityGroups/JAVIER2-nsg/securityRules/RDP'.",
            "type": "Microsoft.Network/networkSecurityGroups/securityRules",
            "name": "[concat(parameters('networkSecurityGroups_JAVIER2_nsg_name'), '/', parameters('securityRules_RDP_name'))]",
            "apiVersion": "2018-02-01",
            "scale": null,
            "properties": {
                "provisioningState": "Succeeded",
                "protocol": "TCP",
                "sourcePortRange": "*",
                "destinationPortRange": "3389",
                "sourceAddressPrefix": "*",
                "destinationAddressPrefix": "*",
                "access": "Allow",
                "priority": 320,
                "direction": "Inbound",
                "sourcePortRanges": [],
                "destinationPortRanges": [],
                "sourceAddressPrefixes": [],
                "destinationAddressPrefixes": []
            },
            "dependsOn": [
                "[resourceId('Microsoft.Network/networkSecurityGroups', parameters('networkSecurityGroups_JAVIER2_nsg_name'))]"
            ]
        },
        {
            "comments": "Generalized from resource: '/subscriptions/0f1afb25-a35d-4cb9-919d-851908fc6f26/resourceGroups/grJAVIERserv_web_wind/providers/Microsoft.Network/networkSecurityGroups/JAVIER2-nsg/securityRules/SSH'.",
            "type": "Microsoft.Network/networkSecurityGroups/securityRules",
            "name": "[concat(parameters('networkSecurityGroups_JAVIER2_nsg_name'), '/', parameters('securityRules_SSH_name'))]",
            "apiVersion": "2018-02-01",
            "scale": null,
            "properties": {
                "provisioningState": "Succeeded",
                "protocol": "TCP",
                "sourcePortRange": "*",
                "destinationPortRange": "22",
                "sourceAddressPrefix": "*",
                "destinationAddressPrefix": "*",
                "access": "Allow",
                "priority": 340,
                "direction": "Inbound",
                "sourcePortRanges": [],
                "destinationPortRanges": [],
                "sourceAddressPrefixes": [],
                "destinationAddressPrefixes": []
            },
            "dependsOn": [
                "[resourceId('Microsoft.Network/networkSecurityGroups', parameters('networkSecurityGroups_JAVIER2_nsg_name'))]"
            ]
        },
        {
            "comments": "Generalized from resource: '/subscriptions/0f1afb25-a35d-4cb9-919d-851908fc6f26/resourceGroups/grJAVIERserv_web_wind/providers/Microsoft.Network/networkSecurityGroups/mvJAVIER2webwind-nsg/securityRules/HTTP'.",
            "type": "Microsoft.Network/networkSecurityGroups/securityRules",
            "name": "[concat(parameters('networkSecurityGroups_mvJAVIER2webwind_nsg_name'), '/', parameters('securityRules_HTTP_name_2'))]",
            "apiVersion": "2018-02-01",
            "scale": null,
            "properties": {
                "provisioningState": "Succeeded",
                "protocol": "TCP",
                "sourcePortRange": "*",
                "destinationPortRange": "80",
                "sourceAddressPrefix": "*",
                "destinationAddressPrefix": "*",
                "access": "Allow",
                "priority": 300,
                "direction": "Inbound",
                "sourcePortRanges": [],
                "destinationPortRanges": [],
                "sourceAddressPrefixes": [],
                "destinationAddressPrefixes": []
            },
            "dependsOn": [
                "[resourceId('Microsoft.Network/networkSecurityGroups', parameters('networkSecurityGroups_mvJAVIER2webwind_nsg_name'))]"
            ]
        },
        {
            "comments": "Generalized from resource: '/subscriptions/0f1afb25-a35d-4cb9-919d-851908fc6f26/resourceGroups/grJAVIERserv_web_wind/providers/Microsoft.Network/networkSecurityGroups/mvJAVIER2webwind-nsg/securityRules/RDP'.",
            "type": "Microsoft.Network/networkSecurityGroups/securityRules",
            "name": "[concat(parameters('networkSecurityGroups_mvJAVIER2webwind_nsg_name'), '/', parameters('securityRules_RDP_name_2'))]",
            "apiVersion": "2018-02-01",
            "scale": null,
            "properties": {
                "provisioningState": "Succeeded",
                "protocol": "TCP",
                "sourcePortRange": "*",
                "destinationPortRange": "3389",
                "sourceAddressPrefix": "*",
                "destinationAddressPrefix": "*",
                "access": "Allow",
                "priority": 320,
                "direction": "Inbound",
                "sourcePortRanges": [],
                "destinationPortRanges": [],
                "sourceAddressPrefixes": [],
                "destinationAddressPrefixes": []
            },
            "dependsOn": [
                "[resourceId('Microsoft.Network/networkSecurityGroups', parameters('networkSecurityGroups_mvJAVIER2webwind_nsg_name'))]"
            ]
        },
        {
            "comments": "Generalized from resource: '/subscriptions/0f1afb25-a35d-4cb9-919d-851908fc6f26/resourceGroups/grJAVIERserv_web_wind/providers/Microsoft.Network/virtualNetworks/grJAVIERserv_web_wind-vnet/subnets/default'.",
            "type": "Microsoft.Network/virtualNetworks/subnets",
            "name": "[concat(parameters('virtualNetworks_grJAVIERserv_web_wind_vnet_name'), '/', parameters('subnets_default_name'))]",
            "apiVersion": "2018-02-01",
            "scale": null,
            "properties": {
                "provisioningState": "Succeeded",
                "addressPrefix": "10.0.0.0/24"
            },
            "dependsOn": [
                "[resourceId('Microsoft.Network/virtualNetworks', parameters('virtualNetworks_grJAVIERserv_web_wind_vnet_name'))]"
            ]
        },
        {
            "comments": "Generalized from resource: '/subscriptions/0f1afb25-a35d-4cb9-919d-851908fc6f26/resourceGroups/grJAVIERserv_web_wind/providers/Microsoft.Network/virtualNetworks/grJAVIERserv_web_windvnet801/subnets/default'.",
            "type": "Microsoft.Network/virtualNetworks/subnets",
            "name": "[concat(parameters('virtualNetworks_grJAVIERserv_web_windvnet801_name'), '/', parameters('subnets_default_name_1'))]",
            "apiVersion": "2018-02-01",
            "scale": null,
            "properties": {
                "provisioningState": "Succeeded",
                "addressPrefix": "10.0.5.0/24"
            },
            "dependsOn": [
                "[resourceId('Microsoft.Network/virtualNetworks', parameters('virtualNetworks_grJAVIERserv_web_windvnet801_name'))]"
            ]
        }
    ]
}